keyword,filename,transcript_preview
الله,-Q0gGaghfSM.wav,بسم الله الرحمن الرحيم الحمد لله رب العالمين والصلاة والسلام على سيدنا محمد الصادق الوعد الأمين لو ا
الله,-YVD7_6WZv0.wav,كيف يمكننا تعريف متغييرات تشترك في صفات معينة؟ ما هو اللي كلاس؟ وكيف يمكننا استنساه مجسمات من؟ هذا م
الله,-nFeX68eNkc.wav,بسم الله الرحمن الرحيم الحمد لله رب العالمين والصلاة والسلام على سيدنا محمد الصادق الوعد الأمين الإح
الله,-q6A3FQpjf0.wav,بسم الله الرحمن الرحيم اليوم العشر من شهر أو غيل وحسب مصرح به المفروض أو من المعتقد أن ينتهي تأثير ف
الله,07sBhr1F780.wav,مجموعة تقريب أشخاص بشخص أكثر من مدينة أمام المشاركة و لو كان فينا ننتقل بالزمان والمكان لو أقمضه لزم
الله,0_74NOqZvd8.wav,سلام الله عليكم ورحمته وبركاته يا أحبه أنا عاصل السيد من عنادل مرحبا بكم لقد اشترينا إضاءة دائرية لق
الله,1VuCFV2mqLU.wav,قل الرجل الكبير الذي يحب العربية لقوم جلسوا يتدارسونها القرآن الكريم على عيني وعلى راسي لكن القراءة 
الله,38HT2kByyuc.wav,بسم الله الرحمن الرحيم و الصلاة والسلام على سيدنا محمد الصادق الوعد الأمين اللهم أخرجنا من ظلمات الج
الله,3tnBqMKR9fk.wav,الحمد لله مُعِزِّ الإسلام بينصره ومُدِلِّ شرك بقهره ومصرِّف الأمور ومُداول الأيام بتقديرِه وأمرِه أح
الله,4zgeHmuv8gY.wav,السلام عليكم ورحمة الله وبركاته أهلا وسهلا بكم في هذا الدرس الذي سيساعدكم على رسم خطة وتلهمكم ليبدء 
الله,5OHUx-v3yjA.wav,مرحبا أنا عمر ملا من غرفة أخبار إي تجلوب فارنا بالغارية اكتشفت دكتور ستيف سيمسون وستاذ مشارك في علم 
الله,5gHCU7ngpwc.wav,ذكر القرآن الكريم العاليد من قصص النساء حول العالم. نذكر منها في هذا الفيديو قصة سيدة لم يذكر اسما ص
الله,6g3uk6qEiWM.wav,مرحبا بالعضائي الجدد الذين نوروا القناة باشتراكاتهم وشكرا للعضاء القدام الذين لا يزالون يدعمونها وإن
الله,6vGA0VfUvwY.wav,لا إله إلا الله محمد رسول الله عليها نحيا وعليها نموت وبها وعليها نبعث إن شاء مو
الله,73y7TVyx8k0.wav,فمن حق المارعة اللي تنظر إليها إلا بإزنها وقد أسقطت هي حقها تمام، تمام أهل تخلت عن الليزة أو الربلاد
الله,7fWwSyW5SPg.wav,وأماماً أعطى واتقى وصدقى بالحسنة فسنوا يسيره لليسرى لا حب قال فسانوا يصيره هو كل ما قال نوا يتسر الي
الله,850cpQc3NqE.wav,بسم الله السلام عليكم ورحمة الله وبركاته أهلاً بكم في حلقة جديدة على قناة واعي في اليوتيوب إحنا لازل
الله,8HDatIpFYFs.wav,ماذا يجب أن نتعلم تطوير التطبيقات؟ وما هي المهارات التي سنتتسبها من هذا المجعل؟ ومهي اللغة السيشرب؟ 
الله,8UE3DFpofgc.wav,يوم يوديت افلق يديت السلام عليكم ورحمة الله وركاته جبيعين شكراكم سوين إن شاء الله طيبين شلا بسادي ال
الله,8VixCIAZ2P0.wav,تخيل أداش هالشي حلو الألوان الموسيقى ومساعدة ومشاركة ومكتب ومجموعة ومقابل ومدينة ومزيد ومتخيل ومثل و
الله,9N3tMuZ2PiI.wav,السلام عليكم ورحمة الله وبركاته أبوز كبير كل سنة ومتطيري أهلا منكم شو فيديو جديد معكم جاس الأحمد من 
الله,9jPkY1gO0M8.wav,جاوم جوديك والله الوجم فجنوم السلام عليكم ورحمة الله وبركاته جميعا اشعاركم سوى ان شاء الله طيبين الي
الله,9taFCxE-nEI.wav,السلام عليكم متابعين الكرام صعض عمر رضي الله عنه يوما المنبر وخطب في الناس فطلب منهم أن لا يغال في م
الله,A5DxcBL0LIg.wav,ميو دي و نيو فلاك وه! السلام عليكم لابس فوق السلام و عليكم و رحمة الله و بركاته جميعا أشياء خبركم مص
الله,BPLu-RLg6DE.wav,وَالَوَا إِنَّا وَأَيْهُ وَا أَفْرِبْ وَعِيْ يَعْنِي الحمد لله إحنا بداية مشوانكت في أغوصتص 2014 يعن
الله,BV6x61gKeo8.wav,موارد من المواردة بعد ما خلق الله أول جسد بشري من التراب نفخ به نسمة حيات زرع عراب الإله جنة في عدن 
الله,BeIdNfD8fCU.wav,أضافة عبود أعني كلمة آضافه لأيلي جداً كبير وجداً متعدد وجداً إلو جوانب مختلفة ناس بتقول لي أنت آضفته
الله,BqpPxzdG1hE.wav,سلام عليكم ورحمة الله وبركاته، أول على مات الساعة الصورة، بعثة النبي صلى الله عليه وسلم، كما أراض ال
الله,CUntBqZ23yU.wav,السلام عليكم بينما كان صلى الله عليه وسلم يطفو ذاتيوم عند الكعباء مر على فرعون هذه الأمة أبي جهلا فب
الله,DCSplwsOa8k.wav,113. بسم الله الرحمن الرحيم 114. الحمد لله فاطر السمارات والأرض جاع الملائكة رسولا أولي أجنحة مثنى و
الله,DM26tjW_Y9A.wav,أسلام عليكم ورحمة الله وبركاته اسمي أساما ديب مطور معتمد من شركة يونتي سأكون معكم في جولة سريعة نتعر
الله,DQ17QiZJbWw.wav,بسم الله الرحمن الرحيم أنا الدكتور ماجدي بضران أنا كبير أخسائن البطنة وكلاف وزارة صحة وبرده كيل أدار
الله,DSlWT0kY9Co.wav,تبقى معنا نسية الدنيا على أن ترسيكلي والترقص باست كذلك أنا بقام بشي مبسوط بقى ما بيعنش الرزق بالله أ
الله,DUa_ey1YWds.wav,بسم الله الرحمن الرحيم الحان الله عن ما يشلكون
الله,DZtCXsy2cmA.wav,يوم ميديت كوفي لو جديد مليمارات وووه السلام عليكم السلام على ايكو اراه طلع بركاته جميعا شكراكم سبين 
الله,ECGJzvEi2OU.wav,سلام عليكم أهلا بكم يا أصحاب بمور الواحد فينا بلاحظات بيشعر فيها بالياء السواب الأحباط وبتملكنا شعور
الله,EDPFLZFtPzA.wav,السلام عليكم ورحمة الله وبركاته أخلاً وساخلاً مرحباً أيها الأسدقائي أنا أحمد من كوريا جنوبية اسمه هذ
كندا,-cviFk2tNmY.wav,السلام عليكم أكتر سؤال بضلوا يجيني اللي هو عن بعمل حالة انفصام للعرب اللي مجينة حولي بكندا انه ايش ا
كندا,-kudo6VQZwE.wav,لا يجد مجال للشك أن كندا هو أستراليا يعتبرها من أفضل دول في العالم عندما يتعلق الأمر سواء بالتعليم أ
كندا,DIcj67FZjho.wav,مرحبا بكم متابعي دولة يوب سنأخذكم اليوم في رحلة لتتعرف على دولت جديدة من دول العالم كاندا أكبر بلد ف
ألمانيا,-SuGpbd7KMI.wav,مدينة بها أكبر ميناء بحريب ألمانيا وهي تاني أكثر المدن الألمانية وسادساً أوربياً من حيث عدد السكان و
برمجة,-YVD7_6WZv0.wav,كيف يمكننا تعريف متغييرات تشترك في صفات معينة؟ ما هو اللي كلاس؟ وكيف يمكننا استنساه مجسمات من؟ هذا م
برمجة,8HDatIpFYFs.wav,ماذا يجب أن نتعلم تطوير التطبيقات؟ وما هي المهارات التي سنتتسبها من هذا المجعل؟ ومهي اللغة السيشرب؟ 
رمضان,-sVkr0x8Rrg.wav,أهلاً رمضان جانة من كلمات فؤات حدد لحن واداء سيد مكاوي نستمع إلى المصحرة اصحى يا نايم اصعى يا انايم 
صحة,1yPxazSDrwk.wav,خلال الخيار يعدو الخير من الأطعمة المفيدة لصحة الجسم وسلامته نظر الاحتواءه على العديد من العناصر الغ
صحة,DQ17QiZJbWw.wav,بسم الله الرحمن الرحيم أنا الدكتور ماجدي بضران أنا كبير أخسائن البطنة وكلاف وزارة صحة وبرده كيل أدار
تعليم,-kudo6VQZwE.wav,لا يجد مجال للشك أن كندا هو أستراليا يعتبرها من أفضل دول في العالم عندما يتعلق الأمر سواء بالتعليم أ
تعليم,1ytTES4Iefg.wav,استضاف الدبي القلمة العالمية الحكومات في شبات 2018 لمناقشة الاستفادة من التكنولوجيا في إيجاد حلول فع
تعليم,7Jyc2A_a5l4.wav,موليد 11-12-13 نوفمبر عام 2020 رح يدهر تحولات هامة على سايد المادي ومصادر التخل استقرار والتوسع بفور
تعليم,8ZHJCYixUUw.wav,أصبحت تعليم عن بعض جزء لا تجزء من عملية التعليم بشكل عام وأتوفر ملايين دورات التعلمية عبر إنترنت يسا
تعليم,953Apmmb_lg.wav,فرق بين جلسات الصعوبات التعلم والجلسة للجلاج الوظيفي فرقة بينهم أن الجلست الصعبات تعلم بشكل عام تهتم
اقتصاد,97-cvgjOCM0.wav,جيتم أهلاً ووتاً تمسحلاً أنا أحمد الآيش في كوريا جنوبية هلياً هناك في الكوريا الجنوبي الشخص مجنون وا
سياسة,97-cvgjOCM0.wav,جيتم أهلاً ووتاً تمسحلاً أنا أحمد الآيش في كوريا جنوبية هلياً هناك في الكوريا الجنوبي الشخص مجنون وا
تكنولوجيا,1ytTES4Iefg.wav,استضاف الدبي القلمة العالمية الحكومات في شبات 2018 لمناقشة الاستفادة من التكنولوجيا في إيجاد حلول فع
