filename,transcript,summary
-OvIOvdAO7o.wav,تقرر اليوم اتخذ خطوات جديدة لتغيير اسلوب عملك وتبدأ بالخطوة الأولى لتغير القواعد التي سببت لك كثيرا من عدم الرضع عن عملك وتضع منها جن جديدا عاطفيا العازب تجد أن الحب الذي تود أن تعيشه قد تأخر لأنه مثالي أكثر من اللزوم وغير موجود إلا بخيالك فكن واقعيا المتزوج اهتمام غير عادي من الشريك يزيل الأسباب التي أدت إلى فتور علاقة كمال عاطفيه وعودتها إلى أحسن حال برنامج,هناك طريقة جديدة لتغيير اسلوب عملك على مدار اليومين الماضيين لكن بعضها يبدو أنه مثالي أكثر من اللزوم وغير موجود إلا بخيالك وتضع منها جن جديدا عاطف
-Q0gGaghfSM.wav,بسم الله الرحمن الرحيم الحمد لله رب العالمين والصلاة والسلام على سيدنا محمد الصادق الوعد الأمين لو الحساب جاء عقب الفعل لتغل اختيار كله اما انت ممكن ترصي الله بيغشل بضعة او برفع سعر رفع غير طبيعي او بالاحتكار معنا بس الله يعلم بمهلاك وبتربح رباح طائله أدن بجل إيقاب لو جاء العقاب وعقب الخطأ ألغيها الإختيار هناك أمد يطول أو يقصر يأتي الرد الإلهي بعد البعضية وقد تأتي المكافئة بعد الطاعة المسافي التي تفصيل بين الطاعتي ونتائجها والمعصية تؤكد اختيار الإنسان مرحباً أردت أن أصدقائك لأنك ستكون أمامك وأنك تصبح بشكل جيد لأنه يصبح كبير لأن أصبح جيد لأنني أصبحت بشأنك لأننا نحن نصبح بشخص جيد لأني أصمحت بشيء جيد لأن أنا أصوحت بشوء جديد,هناك أمد يطول أو يقصر لتغل اختيار كله
-SuGpbd7KMI.wav,مدينة بها أكبر ميناء بحريب ألمانيا وهي تاني أكثر المدن الألمانية وسادساً أوربياً من حيث عدد السكان وهي اكثر مدينا بالعالم احتوان على القنصليات خليكم مينة على مدن زورت هامبورغ تقع هامبرغ بشمال ألمالية وهي بوابتها البحرية واحد من الولايات المدينى وثاني مدونها مساحة تعدات بالسكان والظم المديينة مقر شركة الطياران والفضاء الأوربية العملاء قل Airbus وتعتبر أول ولاية ألمانية تعترف بالإسلام تشتهر هنبارج بظهر تين يسموها ظاهرة الأصطورة الأولى هي أسواق السمك التي تفتتح صباح يوم الأحد تصل ما بعادها إلى 100 طن وأرباحها إلى 10 مليون ويعتبر الفيش ماركت أفضل الأسواقة الرخيصة بهنبرج يتكون من 70 مجر ويفتح من الساعة 5 الصبح بالصيف وبالشتة السع سبعة ويسد السعات 9.5 وما يقدرنا صوريالكم لأنه وصلنا على نهاية يقدم السوق جميع أنواع,تشتهر مدينة هنبارج الألمانية بظهر تين يسموها
-TvQ3FieYZY.wav,معانيهاية كل موسم يتشوق مجتمع الأتق الاستقبال لموسم جديد وما يحمله من انميات جديدة يبدأ بعضهم بالبحث هنا وهناك عن ما يناسب أذوقه من الأنمية التي ستعرض ومن كثرتها وتنوعها يحتارون في انتقاء الأفضل بينها ويكتافون بمشاهدة المشهورة منها فقط لذلك أتيتكم اليوم بهذا الفيديو الذي سأستعرض فيه تقريبا معظم الأنميات التي سيحملها لنا موسم ربيع 2009 سأستعرض لكم في هذا المقطع الأنميات الجديدة الأنبيات ذات المواسم الجديدة الأفلام,هذه هي الأنبيات التي سيحملها لنا موسم ربيع 2009 والتي ستستعرض على مواقع التواصل الاجتماعي في جميع أنحاء العالم.
-XiyC-Lm0fs.wav,هنا سؤال يقول هل يسوغ الاستدلال بقاعدتي التابع تابع و يجوز تبعا ما لا يجيز استقلالا هل يعجز الاستديلال بهما على جواز سماء البرامج النافعة أو المباحة التي تكون لها خلفية المسيقية لا شك أن البرامج النافعة والمباحة النافعة يطلب استماعها والإفادة منها ولمباح لا مان من استماعها لكن ما قبلها وما بعدها من الموسيقى المحرمة لا يجوز سماعه فضلا عن استمعه وبمجرد ما يسمع فإنه يلزمه إغلاق الآلة سوى كانت آلة مرئية ومسموعة المخصود انه يالزمره ذلك وبإمكانه أن يغلقه وإذا,على الرغم من أن بعض البرامج النافعة والمباحة المحرمة لا يجوز الاستدلال بقاعدتي التابع تابع و لا يجيز الاستديلال بشكل طبيعي.
-YVD7_6WZv0.wav,كيف يمكننا تعريف متغييرات تشترك في صفات معينة؟ ما هو اللي كلاس؟ وكيف يمكننا استنساه مجسمات من؟ هذا ما سنتعرف عليه في هذا الدرس بعد الفاصل إن شاء الله السلام عليكم ورحمة الله وبركاته وأهلا وسهلا بكم مجددا في سلسلة الدروس تعلم البرمجة للمتدينة كليا بواسطات السشارب اسم الله الرحمن الرحيم درسنا اليوم عن الفئات طبعا هناك فكرة ويصلها في الدروس القادمة في بعض الكلمات أو المصلاحات الإنجليزية إن عربتها,في سلسلة الدروس تعلم البرمجة للمتدينة كليا بواسطة السشارب اسم الله الرحمن الرحيم نعرض عليكم أكثر من ثلاثة أشهر على مدار اليوم الماضي.
-cviFk2tNmY.wav,السلام عليكم أكتر سؤال بضلوا يجيني اللي هو عن بعمل حالة انفصام للعرب اللي مجينة حولي بكندا انه ايش انتماعك فادي انت لبرالي محافظ ديمقراطي اش التوجه تبعك انت لاي حزب ولاعك رح هشحلكم يو انا كيف بفكر وكيف الانتماعة طبعي والولاء طباعي لعية حزم خليني اش حلكم شايفيني؟ أنا اليوم شخصيا كفادي أنا مشترك بأربع نوادي النادي الأول النادي العربي نسبة هذا النادة هو واحد وثنين بالمية النادة الثانية اللي هو النادي الإسلامي نسبت هذا النادي اتلاته واتلاتة بالميا فأنا جزء من الناودي العربي وجزء منا الناودي الإسلامي الناادي الثالث نادي المهاجرين و نسبة هذا حسب الإحصاء,نادي المهاجرين عربي الذي يقيم في كندا منذ ثلاثة عقود ونصف يناير/كانون الثاني الجاري.
-kudo6VQZwE.wav,لا يجد مجال للشك أن كندا هو أستراليا يعتبرها من أفضل دول في العالم عندما يتعلق الأمر سواء بالتعليم أو العيش والاستقرار أو فرص عمل المتاحة لذلك عبر فيديو اليوم سوف نخوض في رحل للبحث عن الدولي الأفضl بينهما اعتمادا على المواطيات المتحة لكل دولي النهج الذي سوف نتابعه اليوم شبيه بالطريقة التي اتبعناها في الفيديو سابق عن المقارنة بين اسبانيا والمانيا حيث سفى نقارم بين كندا وأستراليا من نحية قوة التعليم تكليف التراسي ومنح الدراسي المقدمة ايضا تكاليف المعيشة فرص العمل وفرص الاستقرار والإقامة في البلاد بعد الانتهاء من الدرسي والتقالات والتعليقات والبلادات والدراسية والتطبيقات ومن المنطقة المتحدة ومن الانتقارات والأسفال والتنقارة والتحديث والتأثير والتساعدة والسماعات والمواركة والبلدان والتصميم والتجميع والتفاق والتباقي والتكاليف والتتعالية والمتدين والتراسية والبالدان ومن الأسفل والتواصل والمعيس والتخطيب والمسيح والمبناء والتغيير والمجمال والمؤمنين والمقارين ومن التعاليات والمنعين والبنائق والمنائج والمائنين والمنحية والمنخياب والمثال والمنتجام والمنطقة والمنقائم والنقائمة والمنهج والمنفائل والمنظقة والنظائر والمنصق والنطاقية والنسائح والمننطقائي والنصائع والنخيام والنهج و سنحاول التركيز على هذا الاسلوب المقارنة بين الدول في الفيديوهات القادمة لأنه بهذه الطريقة يمكنك معرفة معلومات شاملي عن دولتين في نفس الوقت وبالطبع يمكنكم معرفت الأفضل بين هذه الدول بمعرفة,لا يجد مجال للشك أن كندا هو أستراليا يعتبرها من أفضل دول في العالم عندما يتعلق الأمر سواء بالتعليم أو العيش والاستقرار أو فرص عمل المتاحة
-nFeX68eNkc.wav,بسم الله الرحمن الرحيم الحمد لله رب العالمين والصلاة والسلام على سيدنا محمد الصادق الوعد الأمين الإحسان إم لأقلبه بإحسنك ليفتح لك عقله لبيانك ممكن أمثل صيدنا على سانك يعني أبقاسي أدما كان فصيح ومتكلم وخطيب ومقنع مدام قاسي القسوى حجاب بينه وبين ابنه الإحسان قبل البيان القدوة قبل الدعوة الإحsan قبل البيان المخاطبة القلب والعقلي معن القلب و العقل معن استخدام القصة القصa مؤسرة جدا القصة و قوة مقيفة ممكن اتفك كل بسلمات,نعرض عليكم أكثر القضايا التي تداولها الإحسان على مدار حياتنا.
-q6A3FQpjf0.wav,بسم الله الرحمن الرحيم اليوم العشر من شهر أو غيل وحسب مصرح به المفروض أو من المعتقد أن ينتهي تأثير فيروس كورونا على البشر يا جميعنا من هذا المنظر الجميل وهذا الجوربي الهائل أو الرائح أبسوا هذا الفيديو المباشر قل أحدهم عندما تحين العشرون قرون وقرون يجتاح الدنيا كرون من فعل البشر الزالون,على مدار اليوم العشر من شهر أو غيل وحسب مصرح به المفروض أو المعتقد أن ينتهي تأثير فيروس كورونا حول البشر
-sVkr0x8Rrg.wav,أهلاً رمضان جانة من كلمات فؤات حدد لحن واداء سيد مكاوي نستمع إلى المصحرة اصحى يا نايم اصعى يا انايم اسحى حدى الدايم وقول نويت بكران حييت الشهر صايم والفجر اايم اس حى يانايم واحد الرزايم هرمضان كريم,أهلاً بكم رمضان جانة من كلمات فؤات
07sBhr1F780.wav,مجموعة تقريب أشخاص بشخص أكثر من مدينة أمام المشاركة و لو كان فينا ننتقل بالزمان والمكان لو أقمضه لزمن بعيد للماضي البعيد أبل ما يكون في ناس ونباتات ونجوم لكننا فينا نشوف السلطان والمجد اللي ورى الكلمات الأولى بالكتاب لمقدس في البدء خلق الله السموات والأرض الوقتنا الحادر يعتقد كتار أن العالم وكل شي فيه من إشي عجيبة نوجدت بدون خالق حكيم ولكن نظريات هذه الأشخاص ما بتفسر بالضبط التصميم المعقد والنظام المحسوب لكل شيء,هذه مجموعة تقريب أشخاص بشخص أكثر من مدينة أمام المشاركة لكنها تختلف كثيرا عن نظريات بعض الأشخاص.
0XrUCPfGDJQ.wav,الدولاب العجيب والحشرات ها ها ساحة اللعب وهذا ماهر هناك الحفار الأصفر ماذا تفعل يا ماهير تلعب البولنج عن طريق دحرجة المكعبات أنت حقا مسلن يجب أن تلاعب بكرة البالنج هل تودوا أن نبحث عنها؟ هيا بنا,هذه ليست الصور التي يظهرها لاعبو البولنج.
0_74NOqZvd8.wav,سلام الله عليكم ورحمته وبركاته يا أحبه أنا عاصل السيد من عنادل مرحبا بكم لقد اشترينا إضاءة دائرية لقد أشترنا إطاءةدايرية لذلك ترونني في جودة أفضل وإننا في ساعي حفيف لنطور أدواتنا وشكل إنتاجاتنا المرئية وأود أن أقول لكم أننا نستمر بدعمكم فكل تعليق تبعثونه يشد من أزرنا ويتفعنا لإنتاج مزيد من المرئيات وكل سؤال أو اقتراح أو نقد في موضعه يتفعن للدراسة والبحث لنأتي لكم بمعلومة أكيدة في ثوب فن وإتقان وإحسان يا أحبّة اشتركوا في القناة وضغطوا على زر الجرس بتأتيكم إشعارات دائمة بكل مرئية جديدة النصدرها وتذكروا وشاركتكم لشدو العناديلي على وسائل التواصل الاجتماعي,نعرض عليكم أكثر القضايا التي تداولها مستخدمو مواقع التواصل الاجتماعي في العالم العربي على مدار اليومين الماضيين.
0hxOGSlpFMc.wav,السلام عليكم التلوين المتدرج هو واحد من اكثر الاستخدامات في عماليات التلوي فيتم التلون بشكل متدرج حتى تبدو التصابيم اكثر حيوية لعمل التلولين المتهدرج لدينا ادات جريدين تولد من قائمة التلوعين ثم يتم رسم خط بالنقر والسحب بهذا الشكل حتى يتم عمل تدرج لوني من اللون الأمامي لللون الخلفي في طبقتي الألوان هذه بيمكنك اختيار اللونين التي توده من هذه اللوني تم سحب السهم ب هذا الشكل حتى يصبح لديك تلوين جيد السهم الذي تسحبه جداً مهم فإذا كان قصير سيكون مدى التدرج هو فقط مقدار هذا السهم ومتى ما كان طويل سيواطيك تدرج بمدى أو سعه أيضاً اتجاه تتدرج طولي أو أفقي أو حتى قطري فسيكون بالطريق التي تحتاجها كما الألوان فلو كنتم حدد على أي جزء من الصورة مثل هنا سنوحده على السماء فقط بأدات كوكس اللكشين ثم بالرسم المتدارج سيتم وضع التدرج اللوني فقط على هذا الجزء لديكم الخصائص هذه الأداء في الأعلى عندز أن وعلي هذا التدارج فونات استطيع وطع التدرج بشكل كبير,كيف يمكن لديك تلوين متدرج لكي تبدو أكثر حيوية في عماليات التلوي؟
1HmNncrOKlU.wav,سيادة الرئيسة عبد الفتح السيسي كما عودنا منه خلال فطر المضية يضوء ذلك انه هارضة زي ما حدرات شوفت من دم الأخبار ازهدها مفارج لك نفس المسكيب سعيّر تنسانه وتطيير ستشبهش مسكيك لا حارة تشعز حالك؟ سعية اوه تنتمداد اذا في شغلانة 2011 لما اسيوبيا علانت بشكل مفرد عن ابونا السد نهضة درارة من اني كان فيه دراصات بالتفاق التلالدول دراصات اول سد على نديم ازرق نشب العلمة عن سادة تاني خالص غير السادة اللي احنا كنا بندرسوا مع بعض براء عمانة انتقات اشهدوا للستاشد عالمين لو ما كانتش 2011 كان حيب عندنا فرصة نحن يتم التوافق على بناء الساد يقول البعض انه ما قبل 2011 كان شفيني لبناء السد دا ما قبل 2011 لكن لما البلد كشف الضهراء وناسف وعرد كتفها فهي حاجة تتعامل بها تهدع عضاءك عامانة لا هو في الحقيقة يعني قابل 2011 مصر كانت يبو صورة تعاون كريرة جدا وكانت عايزة التنمي أسيوريا عكس المنقار قبل 2011 مسلاة بعتنا موافقة للبنك الدولي,هذه ليست احدى القضايا التي عودنا منها خلال فطر المضية.
1VuCFV2mqLU.wav,قل الرجل الكبير الذي يحب العربية لقوم جلسوا يتدارسونها القرآن الكريم على عيني وعلى راسي لكن القراءة لم يحافظ على العربيه إنما خصائصها العالية والفريدة هي التي اضمنت لها الاستمرار مرة في بالي قول عمار ابن الخطاب رضي الله عن كنا أذلة فأعزن الله بالإسلام في هذه المرئية نجيب عن السؤال ماذا قدم القران للعربية أنا عاصم السيد من عنادل هياكم الله وبياكم واحد إن الله تعالى قد استفى العربية مرتين الأولى بأن استفاها لغة معجزته الخالدة على الأرض لغت القرآن الكريم والثانية أن استفاهها لسان نبيه الخاتم صلى الله عليه وسلم وبهذين الاصطفاءين منح الله العربية قدسية ليست لغيرها,في هذه المرئية التي قدمها نجيب ابن الخطاب الذي يبلغ من العمر عشر سنوات على رأسه القرآن الكريم والذي استفى لغته لسان نبيه الخاتم صلى الله عليه وسلم ثم استفاه
1hC9RMXBtfI.wav,شخص يسوي فيديوهات ماحدي يطلع على بقى يصوي أول شيء بعرف سابقة اهتمامة بالوطن العربية اه كافة حالكم انظر هذا هو أمي here نعم ها ها يجب أن تقوم بتحديد الفيديو كيف يأتي بشكل كبير 1.4 ميلا They don't see that part of your personality I'm way more educated than people think Really? Yes Stuff like that makes me go a little sensitive كان جداً غير متوقع صباحكم واب الخير وياكم كويتي فيلجر مرة ثانية بالحلقة الثانية طبعاً اليوم اليوم ثاني وحيل طوبة مايامي وصلت بيتها خنشوف كيف حالك؟ كيف was the trip was nice longed one like two hours where are we heading today today we're going to Miami beach نحن نتبقى الثلاثة أخرى,كيف حالك اليوم ثاني؟
1jm3jDTvOAI.wav,مهند خالد قعدان استشاري أمراض الباطنية وستشارع الجهاز الهضمي والكابيد بحنا في عياتي في مستشفى ابن الهيثم حنا منقوم في معالجة أمراض الجهز الهظمي وأمراض الكابيد وامراض البنكي رياس معظم راجعيننا عادتم للناس اللي بكونوا عندهم امراض تقاروحات المعدي والمري وال12 أو لتهبات القلوان التقاررحية أو لتهبات الكابد البيروسية جزء من علاجنا احنا كمان من اعمل التهل هو تنظير المعدي وطنظيرة القلون طنظر القلوان دي لمنقوم فيه على الأعمار ما بعد الخمسين سنين فيما بعض الناس اللي عندهم اذا سكريني لحماي من امراض السرطاني للقلون وهذا بساعدنا على اكتشافات الصراطان المبكرة لانه هذا جزئ من البرنامج العالم طبعا في احن كمال في بيادتنا منقوم بإجراء ثاني والذي يجراجون علي مرضاً عندهم زيادة الوقت التي وزن ووزن,هناك عدد كبير من الناس الذي يعالجون بعضهم من امراض الباطنية والجهاز الهضمي والكابيد وذلك في مستشفى ابن الهيثم في العاصمة المصرية القاهرة.
1qaXdSMcoDc.wav,أمور يجب مراعاتها بين أفراد فريق العمل تعرف عليها من خلال العناصر الموضحة أمامك وقراءة محتوىها بعنهاية ونحن نقوم بعمل مجموعة ونقوم بتحديد أشخاص بشكل كبير ونأخذ مجرد مجدداً ونعود إلى أجهزة أساسية ونجمع الأساسي ونطلق إلى أدوان ونرد من أجنبك ونضع إلى أبوان ونصف على أجانبك ونظر إلى أكبر ونزل إلى أموان ونبقى إلى أطفال ونسأل أجل ونفتح ونغطر مرحباً اشتركوا في القناة وانتظروا في الوصول ونحن نتحدث بشكل جيد ونرحل ونقل ونطلق ونضع ونصف ونظر ونبق ونفتح ونخفض,"فريق العمل الذي يقوم بعمل مجموعة في قناة تلفزيونية عربية على شبكة الإذاعة البريطانية ""بي بي سي"" منذ ثلاثة أشهر ونصف ينطلق من منزله إلى مدينة أموان"
1yPxazSDrwk.wav,خلال الخيار يعدو الخير من الأطعمة المفيدة لصحة الجسم وسلامته نظر الاحتواءه على العديد من العناصر الغذائية كالفيتمنات والمعادن ومضدات الأكسدة وغيرها وللخيار استعمالات متعددة فهو يدخل في تحضير كثير من الاطباق كالصلطة وبعض العصائر كما يساهم في علاج كثير من مشاكل الجسم كما شاكل البشرة والشعر وغيرها في هذا الفيديو سنعرفكم على فوائد أكل الخيار يوميا فوايد الخير للكلا يعطو الخير صديق الكلا حيث أنه مدر للباول بفضل محتواه العالمين الماء والذي يبلغ 8.9% يحتوي الخير على الكبريت الذي يساعد الكلاغ لتخلص من حمد اليوري,أكل الخيار يوميا يعدو الخير من الأطعمة المفيدة لصحة الجسم وسلامته حيث أنه مدر للباول بفضل محتواه العالمين الماء والذي يحتوي على 8.9% من المياه والسكر الذي يستخدمه الكلاغ
1ytTES4Iefg.wav,استضاف الدبي القلمة العالمية الحكومات في شبات 2018 لمناقشة الاستفادة من التكنولوجيا في إيجاد حلول فعالة للتحديات التي تواجه البشرية أحد أهم القضايا بالطبع هي تأسير التكنologey على السوق العمل لكن هل توصل إلى جواب واضح؟ بالنظر للبيانات يبرز منظوران أساسيان يركز المنظور الإيجابي على عدد الوضائف التي يتم إنشاءها عند تطبيق التكارن ما في شركة عاملة كشفت دراسة أجرتها مؤسسة كابجيني عام 2017 على ألف شركة أن أنظمة ذاكاء الاستناعي خلقت وظائف جديدة في 80% من الشركات التي تم بيقد فيها. أما المنظور السلبي فقد ركز على الوظائفي التي تختفي حيث أفاد الدراست لجلوب أن 37% من وظاء في القرن الماضي ستحل محلها الأالات. ازن ماذا على الحكومات انت فعل? تازيز التعليم والتدريب بحيث,في وقت سابق من العام الحالي استضاف الدبي القلمة العالمية الحكومات في شبات 2018 لمناقشة الاستفادة من التكنولوجيا في إيجاد حلول فعالة للتحديات التي تواجه البشرية أحد أهم قضايا الحياة.
2a1rA1mxRh8.wav,مرحباً، هل بدأت تفهم وسائل التواصل إجتماعي الآن؟ أنت على طريق الصحيح، لكن أنت بهناك بعض الفخاخ التي تقدروا بجهودك، بل وربما حتى نشاطك التجاري. سيوضح هذا الفيديو بعض تلك الفخاخ مثل رسائل المبيعات المملة والمتكررة والنشر مرة واحدة كل ثلاثة أشهر والعكس كالانتشار الزائد بعدداً كبير جداً من المنشورات مستعد لمعرفت بعض الممنوعات؟ القاعدة الأولى في وسائل التواصل الإجتماعي لا يدور كل شيء حولك أنت يستخدم الناس الانترنت لتبادل الأخبار والنصائح عن طريقة يصنع الأشياء ومقاطع الفيديو المتحكة عن القطط أي أنهم ليس هناك للسماع عن مبيعاتك والعلمات التجارية التي لا تجدوا أي شيء آخر لتقولها,هل هناك بعض الفخاخ التي تقدروا بجهودك في وسائل التواصل الإجتماعي؟
2ugSyQFUbAY.wav,في داخل الخط الذي من صطفة ارتطام في لين غبيين من الحديد في الرمل ارتسم شبان محنيان كالقوسين يضربان طفلاً ويوبخانه وكل ما استفهم ماذا يطلبان منه يضربانه تسول اللقمة طول الليل ثم اقتسم الغلة مع جرول راه جائع يمر شاب منهما ويركل الجرول كي يستمتع بدمعة الطفل فيبقى ويذكر الأهل وراء السور في مدينة مقطظة بالطيبين العمي عنه وهو يبكي ثم يمضيان في دعوة أصحابهما إلى العشاء والتباهي بالكرم قذائف النار على القرية تهوي صورة الحاكم فوق الردم والجنود يحرسونها والناس تحت الردم يلقفون ما تفرج عنه صورت الحاكم من هذا الهواء صورته الحاکم سجن للهوائف هي كالنار التي تأكله أكلا وتنتج العدم أقدن ثقيل مثلما الهارب رعبا في حيث,في مدينة مقطظة جنوب شرقي مصر ينظر الناس إلى صورة الحاكم الذي ينتمي إليه على رأسه وهم يحتفلون بالذكرى السنوية الرابعة لثورة القرن الحادي والعشرين.
2wcu6wT-u04.wav,كوندو سام كان يمكان في قديم الزمان عشق سبع عنزات صغيرات بسعادة معوالدته نفي بلدة خضراء جميلة حيث كانت الشمس مشرقة دائما كانت العنزات السبع الصغيرا ويذهبنا إلى المنطقة ويجب أن نتحدث عنها كانت العنزات السبع الصغيرات يذهبنا إلى مدرسة البلدة كل يوم لقد أحببنا المدرست بكل ما فيها ومعالمهنا وأصدقاءهم في أحد الأيام قبل بدء الحصص الدراسية لعبنا كرة الطائرة في الحديقة هيا! مررس كورة تلي! اووو!,هذه ليست حكاية كوندو سام الذي كان يمكان في قديم الزمان عشق سبع عنزات صغيرات بسعادة مع والدته نفي بلدة خضراء جميلة.
38HT2kByyuc.wav,بسم الله الرحمن الرحيم و الصلاة والسلام على سيدنا محمد الصادق الوعد الأمين اللهم أخرجنا من ظلمات الجهل والوهم إلى أنوار المعرفة والعلم و من وحول الشهوات إلى جنات القروبات أيها الإخوة الكرام مع موضوع زديد من موظوعة سبل الوصول وعلمات القبولة,نعرض عليكم أكثر القضايا التي تداولها مستخدمو مواقع التواصل الاجتماعي في العالم العربي.
3UNK6RKtqwo.wav,اهلا نو سلام بكم من المعرفة ان وجهت انستجرام على الديسكتوب بتقدر من خلالها تعمل شات وظايف بسيطة لكن للأسف نبتدرش ترفع منخلاله صور من على جهاز الكمبيوتر فخليك معايا بعض الفاصل ها عرفكم ازاي ترفاء صور لانستگرام من خلال جاهز الكمبيوتر مباشرة من غير ما تتطارة الى الصور على موائل الاول خليكم معاية اهل انو سالم بكم مرة تانية أنا محمد وراب ودي القناة بتاتي لو انت بتفرق عليها أول مرة أنا مدون وصنوى ومحتوى تقني وقلعب فما تنسى الشعم الليك للفيديو تشارك في القناء لو ما كنتش مشترك وكما انت فعل زير جرس التنبيات للكم في البداية أنا حابة بجواب على سؤال ممكن يختر على بالك دلوقتي وهو ليه ان استجرام مش باسمح لنا نرفع صورة من خلال الكمبيوتر طيب بكل اختصار هي الايجابة ان استجرم بيركز على مشاركة الصورة الفورية اللي بنصورها بالموبايل أسنة تنقل أشان كده موقع بوفر عملية الرافعة من خلال تطبيق المبايل وده بيكون أسهل وأسر عميل الكمبيوتر لكن أحياناً بنكون مصبراً,أهلا نو سالم بكم من المعرفة ان وجهت انستجرام على الديسكتوب بتقدر من خلالها تعمل شات وظايف بسيطة لكن للأسف نبتدرش ترفع منخلاله صور من عبر جهاز الكمبيوتر مباشر
3cnA-_NCE8Y.wav,سلام عليكم. معكم فارث أدا. نحن مجموعة من المشخصيصين في علم الشماع والموعدة وخصوصا في كيف يشد دخول في علاقة مع امرأة جدالة. في قناتنا أجهل شماعي نتكلم لك كل ما يزمك للدخول فعلاقة مع المناسبة. نحظر للأشخاص الذين يرسلوننا ويطالبون بالبرنامج الذي يمكنهم من الدخول في علاقة مع المرأة عبر الانترنت سنشارك كافي هذا البرنامج تجربتنا ونجاحتنا مع النساء سنتكلم كدالك على السرار، صورة البروفيل صور الألبوم حائط بروفيل أغسالة وكيف يتحدد معيل,كيف يشد دخول في علاقة مع امرأة جدالة؟
3h3WvCumCZQ.wav,أهلاً ومرحباً بكم عند أسبغك في هذا الفيديو سنريك كيفية اختبار مضخة الدورانية في غسالة الصحون لأسباب تتعلق بالسلامة لا تنسى فصل جهازك عن التياري الكهربائي قبل إجراء أي عملية تحتاج إلى مفكي براغي ومن قاط وجهاز قياس من نوع يقياس المقاومة الكهربائية لفحص محذك بعغسالة الصحن على جانبها بمساعدة مفكب راغي، قم بإزالة اللوحة الموجودة أسفل غسالة الصحون قم بإزالة الموصلات الموصولة بالعوامة المضادة للفيطان,نعرض عليكم أكثر المعلومات حول مضخة الدورانية في غسالة الصحون.
3rzJMChid14.wav,المجموعة الشاملة والمجموعة الخارية عند دراسة أي ظاهرة علمية أو جتمعية فإننا نتعامل مع مجمعة أساسية كبيرة تحتوي على جميع المجماعات تحت الدراس فمثلا يمكن أن نصنف الجميع طلبة الكلية كما جموعات أσاسية بينما مجماعة الطلبة في التخصصات المختلفة هي مجmوعة جزئية من المجmوعات الأساسيا نسمى مثل هذه المجموعة الأساسية المجmوعة الشاملة ونرمز لها بالرمض يو. فمثلا تعتبر المجмуعة يو تساوي سالب خمسة اثنان سبعة واحد وعشرون هي مجموعة شاملة بالنسبة للمجمعات اي تساوي اثنان واحد وعشرون وبيتساوى سالب خمسة سبعة واحد واشرون لان المجم...,عند دراسة ظاهرة علمية أو  اجتماعية فإننا نتعامل مع جموعات أساسية كبيرة تحتوي على جميع المجماعات تحت الدراس.
3tnBqMKR9fk.wav,الحمد لله مُعِزِّ الإسلام بينصره ومُدِلِّ شرك بقهره ومصرِّف الأمور ومُداول الأيام بتقديرِه وأمرِه أحمدُه سبحانه وأشكرُه وأتوبُ إليه وأستخرُه وأسألُه العُونَ على حُسنِ عبادَته وشُكره وذكرِه وأشهدُ أن لا إله إلا الله وحده لا شركَ له جعلَ العاقبة للمُتَّقين بفضرِه وأشهد أن سيدنا ونبينا محمدا عبد الله ورسوله بعاثا,أحمد الحمد لله مُعِزِّ الإسلام بينصره ومُدِلِّ شرك بقهره ومصرِّف الأمور ومداول الأيام بمقديرِه وتقديرَه
44IJhttNs7I.wav,حبيت إنه أول عثمان اليوم ده بأيونه كان يصوف الحدث اللي هو صانعه أو شارفه سمعته حبيته أنه أورع أسمان اللي يومده بإعيوانه كان يسوف الحادث الذي هو صناعه أو الشارف في سماعةه كان الشهداء هم الحمم وصمدت أسرهم كالجبال الراسيات شهيد تلا شهيد ومع كل قطر دد من سالت كانت والدة الشهيد أو والده أول من ينادي بضرورة الاستمرار لا تنخ خاطر لنا أمش حضر التوقيع اللي كانوا أسماء بيتمنى يحضروا لأنوا أسماء سعالي ذلك في انواه ويحدر لأنهم يتنخوا بشكل جيد أتنخ خاطر لنا أمشي حضر التوقيع اللي كانوا أسماء بيتمنى يحضروا لأنوا أصماء سعالي ذلك فيه إنه يحدر,على مدار ثلاث سنوات كانت قطر تشهد ذكرى ضحايا الحرب الأهلية التي أطاحت بحياة عشرات الآلاف من القطريين.
4lt1cLBY-Bc.wav,السلام عليكم ورد في القرآن الكريم اللون الأخضر في آيات عدة قلع الزوجل متكيئين على رفرف خضر وعقري حسان فبأي آلاء ربكم تكذبون وفي آية أخرى عاليهم ثياب سندس خدرم واستبرق وحل أساور من فضة وسقاهم ربهم شراب طهورا وفي آية ثالثة أولئك لهم جنات عدن تجري من تحتهم الأنهار يحلون فيها من أسوار من ذهب ويلبسون ثيب خدرا من سندسم واستبرق متكئن فيها على الأرائك نعمة وابو حسنة مرتفقة فماذا قال علماء النفس حول علاقة الإنسان بالألوان؟ قالوا إن تأثير اللون في الإنصان بعيد الغور بربما يؤثر اللون فإقضى,أثار اللون الأخضر في القرآن الكريم عددا من الآيات التي وردت فيها حول علاقة الإنسان بالألوان.
4zgeHmuv8gY.wav,السلام عليكم ورحمة الله وبركاته أهلا وسهلا بكم في هذا الدرس الذي سيساعدكم على رسم خطة وتلهمكم ليبدء تجربة الإلقاء بشكل فعال بداية سأذكركم بالدرس السابق بدأنا بالفكرة وكتابة الهدف منها ثم تقسيمها الأفكار بسيطة ثم البحث عنها وترتيبها أما في هذا الدرس من المهم البدء بتجميع هذه الأفكر في قالب العرض الذي ستختاره هناك عدة قوالب هذه الأفكار في قالب العرض الذي ستختاره هناك عدة قوالب قالبة يطلق عليه البسطر,أهلا وسهلا بكم في هذا الدرس الذي سيساعدكم على رسم خطة وتلهمكم ليبدء تجربة الإلقاء بشكل فعال
55ZxtsNWoIg.wav,ماذا تكتبين في هذه الورق يا سلحوفة؟ أكتوب رسالة لمعلمة، أخبرها أن صديقات يتشارك نسوية في حل الواجب بعد انتهاء الدوام لا تفعل ذلك يا سلحوفة وأعتقد أن المعلمة تعرف ذلك من خلال الإجابات ثم إن المعلمة لم تطلب منكي فعل ذالك ولكن يا أمي حسنا حسنا سأروي لك قصة ميمون وأتمنى أن تفهم ما أقصد أمل هذه المرأة اللي يتمكن الثالب من الوصول إلى تعامنة,هذه ورقة تكتب فيها صديقات تتشارك نسوية في حل الواجب بعد انتهاء الدوام.
5MtnakaVg24.wav,فكيف استطاعت مدرسة في الأربعين متزوجة ولديها ثلاثة أطفال أن تتخل عن كل شيء من أجل طالب في السادسة 16؟ كيف سأقنعكم يا سادة أن هذا الصغير ذو الشعر المصفف المرتب المعتلي لصهوة منبر الحرية والتسامح يختب بزملائه الصغار خطبة عن الشرف والعدلي والعفة والمساوات والاندماج واحترام حقوق الغير وحرية التعبير والرحمة والسلام كيف سأقنعكم أنه سرق زوجة تكبر أمه في العمر من وصط المكان المخصص لتزويد الطلاب بالشرف والعيفة والأخلاق هي معلمته التي علمها السحر وعلمتها، راودها عن نفسها وراودتها.,كيف استطاعت مدرسة في الأربعين متزوجة ولديها ثلاثين أطفال أن تتخل عن كل شيء من أجل طالب في السادسة 16؟
5OHUx-v3yjA.wav,مرحبا أنا عمر ملا من غرفة أخبار إي تجلوب فارنا بالغارية اكتشفت دكتور ستيف سيمسون وستاذ مشارك في علم الأحياء البحرية في جامعة إكسر أن لغة السمك القد بين أمريكا وأوروبا تختلف في الواقع والآن يقوم بالبحث عن ما إذا كانت اللهجات المحلية يمكن العثور عليها بين أنواع الأسماك السوطية مثل سمك الكد والحدوق الذين يجتمعون في مناطق التكاثر في جميع أنحاء بريطانيا الدكتور سيمسون مهتمون بشكل خاص في علم السوطيات الحياوية ظهرت السوتيات الحيوية كنظام لتحديد آثار التلوث الضوضائي البحري على الأسماك أثناء الإستماع وذلك عن طريق معدات معينة تحت الماء لاحظ الفروق بين الأسوات التي ينتجها سماك القد الأمريكي والأوروبي على التوالي الأسواق قادرة على إنتاج مجموعة متنوية من الأسuat وتسمى سخب الأسمك مثل سماكل قد الذي يستخدم كيس السباحة لإنتاج الأسwat وتستخدم هذه الأصوات لجذب الأسماك من الجنس الآخر وكشف البحث أن سمك القدر,اكتشف علماء في جامعة إكسر في بريطانيا أن لغة السمك القد بين أمريكا وأوروبا تختلف في الواقع وذلك فيما يبدو.
5gHCU7ngpwc.wav,ذكر القرآن الكريم العاليد من قصص النساء حول العالم. نذكر منها في هذا الفيديو قصة سيدة لم يذكر اسما صريحا. لكن ذكر الله تعالى أحد موقفها شهيرة ليكون عبرة معظة للناس. جاءت الإشارة إلى هذا الموقف لنا هي عن أبرٍ جلٍ حذراً الله تعلمين في الكثير من آيات الكريمة كما أنه يعد من الكبائر كما قال بعض العلماء. هذه السيدة هي المعروفة بناقضة الغزل هي أم ساعد ريطا بنتعمر وقيل سعيدا بن تعمر وقيلا سعد ابن التيم بن مرمكاب القرشية وقيل المرية. وقيلا هي راية ابن تكعب ابن ساعد ابن لطيم ابن لاي ابن غالب. امرات مجنومة خرقاء من نساء آهل مكاة وتسمى خركاء مكة كانت تقوم بالغزل.,ذكر القرآن الكريم العاليد من قصص النساء حول العالم.
6ALJh0Sim0A.wav,"الكثير من الأشخاص المعنية في بيدي البيع على ممكي أمازون تتساءل كم من المال عليهم استثمار لمشروعه وفي هذا الفيديو سأجاوب على هذا السؤال مرحباً أنا رد عازم من كامتوز بأكدنية تختلف طرق العمل على موقع عمازون من باكي المواكع فالمعنيين ببدء البيع في هذا الموقع العلاق عليهم أن يستثمر المال من البداية على عكس البيع على موقع eBay او طريقة اتضربشيكي من تجربة في المجار الاستثمار سيكون على الاقال 1,000 دولار هذا سيمنحك انتاج منتج خاص بك ما بين كمية المتان إلى 300 كتاب وبدأ العمل بالموقع يمكنكم استثمر مبلغ بقر ولكن هذا سيمنحك",موقع أمازون يبيع ممكي مواكع لبيع منتجات جديدة على الموقع الذي يمتلكه شركة كامتوز في الولايات المتحدة.
6EgyNAXcpw0.wav,مرحبا بالجميع إليكم غرائب اليوم من السهل تكون صداقات مع الغرباء بهذه الطريقة هؤلاء الطلاب في اليابان صنع روب التات يمكن عقل بزواجات المياه بدقة شديدة تقوم بالتأكيد بإمكانك أن تشعر بالنسبة لتحقيق المشاركة في الوصول والتحديث والتعامل والتنظيم والتصميم والمشروع والتطبيق والأسفل والأشخاص والأمام والأجهزة والأطفال والأخبار والأصدقائي والأحيان والأبناء والأغنية والأرسال والإنقاذ والألوان والإطلاق والإجاب والإضافات والإحياء والإصلاح والأمر والأدخال والاستخدام والإردائيات والأقل والإدعاء والدعائية والإمتنائيين والأتصامين والإتصال والدخائيون والأفناء وإنفتناء المساعدة والإعادة والدفاع والإفتنات والإشارات والمساديين والدعم والإسناترون والإستخادات والاكتار والإكامال والذي يتطبطون في الناسوار والذوائر والأكترين والاتصائين والتفاق والاقات والدوائير والأنسوائن والأثناء,مرحبا بالجميع إليكم غرائب اليوم من السهل تكون صداقات مع الغرباء بهذه الطريقة هؤلاء الطلاب في اليابان صنع روب التات يمكن عقل بزواجات المياه بدقة شديدة تقوم بالتأكيد بالنسبة لت
6dX8TbyW9Cg.wav,أسلام عليكم نتكلم اليوم في هذا الدرس عن واحدة من أهم أدوات التصميم إذا لم تكن الأهم على الإطلاق وهي أدات البنتول هذه الألال رهيب الموجودة في كل برامج التصيم والمونتاج ومهم جدا أن تتقن العمل عليها حتى تغدوم مصبماً محترفاً في الفوتوشوب تختار أداة البنطول من أولها لدي كم الخصاص في الأعلى خيارات للرسم سنختار الشيب حتى نرسم شكل من الأشكال عن طريق هذه الأدوة سأقوم بالتأكيد بإمكانك أن تقوم بعملها نرسم شكل من الأشكال عن طريق هذه الأداء تستطيع الرسم مستقيم بين نقطة 2 بإمكانك أيضا رسم مصطيين برسم النقاط بهذا الشكل أفغط على أشفت مع النقر حتى يكون المستقي مع عدل تماما ثم أبقى إمكاني كما الاشكال أغير من تعبيئته ولون الحد الخارج منه في الخياط في الآلة بيمكانك رسم أمور أكثر عقيلة فلو أن شئت نقطع هنا والنقطة الثانية نقرية مع السحب تصطيع أن ترسم منه خط مونحني تظهر مع النقطة دراعي وإذا انتهينا من الشكل نستطيع أن نضغط على,هذه الألال رهيب الموجودة في كل برامج التصيم والمونتاج إذا لم تكن الأهم على الإطلاق وهي أدات البنتول
6g3uk6qEiWM.wav,مرحبا بالعضائي الجدد الذين نوروا القناة باشتراكاتهم وشكرا للعضاء القدام الذين لا يزالون يدعمونها وإن شاء الله سأستمروا بتقديم المحتوى الجميل لكم مادم تمتقدمون الدعم الجميلي سألتكم هنا وهناك عن اسئلةكم من أجل الإجابة عنها في هذا المقطع وكانت هذه أبرزها كانت هناك الكثير من الأسئلة المكررة ككم عمرك بلدك برامي جون مونتاج أفضل انامي افضله شخصية وقد جاوبت عنها في المقطع السابق وستحسلون رابطه في خانة الوسط. نبدأ بأفضل سؤال سما طرحوا من لجندو اوتوكو. لماذا الأغلبية لم يفهموا مع,نعرض عليكم أكثر القضايا التي تداولها مستخدمو مواقع التواصل الاجتماعي في العالم العربي.
6vGA0VfUvwY.wav,لا إله إلا الله محمد رسول الله عليها نحيا وعليها نموت وبها وعليها نبعث إن شاء مو,زوجة لبنانية تبلغ من العمر 25 عاما يبلغ عدد سكانها خمسة ملايين دولار.
70eZm_Xes7o.wav,مرحبا أنا ميرام من فلسطين تعرفت أنا مستشفى نتشورال من الانستجرام كانت فكرت أن أنا عملية أنت وكثير مخيفة مواترة بس لما أجدت لها أنا بحكات مع الدكوترة حسنتك برياحة كل الخفر راح من عنده كمان المستشفة كتير رشة حلو مرتب ونضيف كمين كان في كل الوقت معي مترجم وانا كتر بانصح ايه حدا حبي بيعمل عملية فيجمليه يجعه دا مستشوفة باتشكر مستاشفة ناتشورال وكتير مبسكة بمعرفت هون معاملت من الجنان وقف شواله خلاص مليون,أنا ميرام من فلسطين ولدت في مستشفى ناتشورال من الانستجرام منذ ثلاثة أشهر لكن هذه المرة كانت تحت سيطرة إسرائيل.
73y7TVyx8k0.wav,فمن حق المارعة اللي تنظر إليها إلا بإزنها وقد أسقطت هي حقها تمام، تمام أهل تخلت عن الليزة أو الربلاد هولها إلا حق الله إنها تحفظ نفسها لها على فكرة أنا مش أخلي ولا واحد من الرجال داي بوصلك إلا بالإزلك هي تنزلة عن هذا أعوز بالله ونبقى في مصر حيث برزت فتاون عديد مثير للجدل على مدار السنوات القليلة الماضية تتعلق بالنساء أفتمائب رئيس مجلس إدارة الدعوة السلفية في ميسر ياسر برهامي أن على المرأة تخلي عن ملابسها الضيقة وعدم ارتدائي حتى أمام إخوتها وأولادها لما فيها من إثارة قد تشعر رغباتهم الجنسية وقال في فتوه إذا كانت الثياب ضيقة تجسم حجمة,على مدار السنوات القليلة الماضية برزت فتاون عديد مثير للجدل في مختلف أنحاء العالم تتعلق بالنساء.
7HCEBNJEUMQ.wav,هل نعرف عن حياتنا الليلة الصغيرة الأبلية؟ شيء جداً ماذا؟ هل تقوم بعملها؟ هل أنت بخير؟ نعم نعم نعم نعم نعم نعم نعم نعم نعم شايف أن اللي فات كله هو سبب لأنه هي تبقى بنتي بس أنا يمكن ربنا مرزقنيش بزوج، مزقنش بحيعدية فلو ما كانتش هي تواجدت في الدنيا، ما كاناتش بقى دنتي حياتها بدأت معي، وحد كامل معي اشتركوا في القناة,هل أنت ممن نعرف عن حياتنا الليلة الصغيرة الأبلية؟
7Jyc2A_a5l4.wav,موليد 11-12-13 نوفمبر عام 2020 رح يدهر تحولات هامة على سايد المادي ومصادر التخل استقرار والتوسع بفورس كاس بالمال والقدر على تحقيق استقارار إيجابي طويل أشهر العام بها الجانب اهتمام أكبر بالمسائل المشتركة من العلاقة القائمة وأوضع الشريك المادية ممكن تدهرت تقلوبات بالنصف الأول من العام إيجابية والجزء الثاني للأسف سلبية بجك الخاص آخر ثلاث أشهر من العام بينسح الفلك الحذر من التسرع بأي خطوة جديدة تطلب شركة وتوقع أوراق هامة كأورق زواج الأفضل عدم التسريع بقرارات مصيرية هام بها الجانة تحول إي جابي هام بالأنشة المهانية التعليمية المرتبطة بنقل المعرف والأفكار تقى فكرية عالية وفرس لتوسع بتبيعة الأعمال اليومية,يبدو عام 2020 حافلا بالتغييرات التي شهدها الكثير من الناس منذ بداية العام الحالي على مدار ثلاثة أشهر.
7dxjBpaY4hs.wav,يا صباح التفاقل والخير والجمال والأمل على عيونكم يا ربوا يربوا يكونوا في أحسن حلف الدنيا النهاردة فيديو كنت وعتكم بي وهو بعنوان انتي مين بحبك فكركم بالفيديو اللي كان محتوى أنا خيفة من الناس أو أنا عندي خوف اكتماعي وخدامت الفيديو معيكه لما أنا كنت علشان أنا خجولة شوية كنت فكرة ان دي مشكلة ولكن اكتشفت انها مش مشكلa مدينة ما بتأصرش على تعمولي معها الآخرين وعلى اننا اخو تحقي ولما اقاف مشكله اعرف ازاي تعمل معيها وزاي احلها فذلك كان مقاتمة بدخلكم فيها بموضوعنا النهاردة انتين فهنا أنا عايزة أقول لك,هذه سلسلة من القضايا التي نعرضها على موقع التواصل الاجتماعي تويتر
7fWwSyW5SPg.wav,وأماماً أعطى واتقى وصدقى بالحسنة فسنوا يسيره لليسرى لا حب قال فسانوا يصيره هو كل ما قال نوا يتسر اليسرة له فرق بين نهاية يسر اليسره له ونهاية سره هو لليسرة انخليه كله بركة تمشي على الأرض وكل باب يوقف عندهم فتح واليسرا باب مفتوح كل أمر لا يتعسر وكم واحد من يقول كل ما طجيتها عدلة انقلبت عوجة كلمة بغتها شرق راحت خرض كلماء أرضيت المراه ما جل غربا لم تغيرت علي أرض الإبن وأنصحه ثم إذا هو يخالفني أنا معزم لاي إذا هم يغيرون نظرتهم لي ودائما الحياة وبعضنا لو مل للناس يا خيفي في طريق واحد لإرضاء الناس تدري ما هو أرض الله الله وبعدها يرضون والنشاء الله يقوم بكتبه,هذه كلمة طجيتها عدلة
8-rto97tYC0.wav,السلام عليكم يقال لا تحكم على الكتاب من صورة الغلاف بالإنجليزي بقولك don't judge the book by the cover وهو مثل بيعبر على أنك ما تحكوم معالى الأشياء من المظهر الخارجي ليس فقط علي الكتب ولكن قد يكون على الأشخاص بس للأسف إحنا هلأ وصلنا للمجتمع إنه دائما يتم الحكم عليك من الشكل الخاروجي في عام 1982 المؤثل أمريكي دستن هوفمن قام بأداء فيلم يعرف باسم توتسي وهذا الفيلم ترشح لكتير جواعز كانت قصة فيلم بدور حو الواحد شاب اللي هو تستن هوفمان بكون بالفلم عنده موهبية التمثيل ولكن العميل تبعو الإيجنت ما عم بقدر يلاقيله أي دور إنه يمتله فقرر داستا ن هوفمن إن لو غير هيئته وصار مرأة كيف رح يكون تقبله في الوسط الفني وفعله لما صار مراه عامل تجربة أداء وفاز بهذا الدور ودخل صالي مثل طول الفلم على الشكل المراه اشتركوا في القناة,تحكم على الكتاب من صورة الغلاف بالإنجليزي
850cpQc3NqE.wav,بسم الله السلام عليكم ورحمة الله وبركاته أهلاً بكم في حلقة جديدة على قناة واعي في اليوتيوب إحنا لازلنا في مجموعة الحلقات اللي بتكلم بصفة عامة عن علاق إدمان الإباحية وإدمان الاستمناء وبنكلم في مرحلة مهمة جداً يمرحلة الإعداد والتجيز وانا بل كده ازاي ان يمكن يكون محمد اسمه تدرب في الانشاءات بيتعجب من قضاء المهندسين اسدزته بيمضو وقت طويل جدا في رسومات هندسية لبناء معين لانهما لو غلطه وغلطة بسيطة جدا فإن شو واحد ممكن يسبب مشكلة كبيرة في المبنة كله ويتضرر هذا المابنة عمتا فاحنا لازم نبز الموجود في الاعداد والتجيز فيش ايمنة خاص وفي نفس الوقت نشتغل اكلمنا في النقطة القولة والخطوة والفعل التجيس اننا تعرف على المصادر الافارة عندنا وذا مهم جدا جدا من حددها في الحلقة الاولى من السلسلدي الخطوة الثانية لكلنا عنها في الحلقة المشاركة,أهلا بكم في حلقة جديدة على قناة واعي في اليوتيوب
8EgLUHCAFrg.wav,بعض واجبات الموظف مرحباً,أكثر من ثلاثة ملايين شخص يعيشون في بريطانيا.
8HDatIpFYFs.wav,ماذا يجب أن نتعلم تطوير التطبيقات؟ وما هي المهارات التي سنتتسبها من هذا المجعل؟ ومهي اللغة السيشرب؟ ولماذا قمنا باختيارها أصلا؟ مواجه الاختلاف مع مثلاتها؟ هذا ما سوف نعرفه في هذا الدرسي بعد الفاصل إن شاء الله. سلام عليكم ورحمة الله وبركاته وأهلا بكم مجددا في دروس سلسلة تعلم البرمجة للمبتدين كلين بواصطة السشعر يدخل بعض مطورين إلى عالم البرmجة من أججى التحدي وكثير منهم يضخلونه للحصول على وظيفة ليجنية منها مالا ولكن الذي لا يخطر على بالكثيرين أن تطوير التطبيقات ضرورية ومهم,في هذا الدرسي نستعرض دروس سلسلة تعلم البرمجة للمبتدين كلين بواصطة السشعر.
8PNb5OLVYl8.wav,كلنا كمستخدمين للنظام لينوكس بنسألنا في سنة السؤال ده ليه عدد مستخدامين النظام للنكس أقل بالزات في الدولة العربية من مستغدمي أنظمة التشغيل زي وندوز وماك مع أن نظام لينوكست يعني مقاني ومفتوح المصدر ومش بيستهلك نوارد الجهاز ومستقر وما فيش علي فيروسات وفي مميزات كبيرة جدا كملك فيديو علشان أقول لك يجابة التساؤل دا من النحة التاريخية والنحية التقنية أهلا وسهلا بكم لو بتتفرج عليها الأول مرة فأنا اسمي محمد غرب ودي القناة بتاتي بعمل فا محتوى ططني وألعاب وبتكلم عن أنظمة التشمير فيريت متنساش تعمل لايك للفيديو وتشترك في قناة لو مكنتش مشترك وتفعل زر جرس تنبيت للكل علشان وصلك شارب في فيديوهاتي الجديدة قبل من جواب على السؤال دا ليه مستخدمين لينوكس أأل من ويندوز ومايك لازم الأول نارف السبب من النحية التاريخية انتشرت أجازة كومبيوتر الشخصية اللي يلبسي في أوقل التمانينات قبل الفطرة دي كانت اجازت كومبيوتر متاحة كلها جزد حواسي بمركزة أو مين فريمز مقتص..,كلنا كمستخدمين للنظام لينوكس نسألنا في سنة السؤال دا ليه عدد مستخدمي النظام للنكس أقل بالزات في الدولة العربية من مستغدمي أنظمة التشغيل زي وندوز وماك
8TybNCTtFno.wav,سنتعرف من خلال خلق صدق على تعريف الصدق، أهمية الصداق، ثمرات وفوائد الصداع، مجالات الصداك، من فضلك اضغط على كل موضوع لمزيد من التفاصيل.,نعرض عليكم أكثر القضايا التي تداولها مستخدمو مواقع التواصل الاجتماعي في العالم العربي.
8UE3DFpofgc.wav,يوم يوديت افلق يديت السلام عليكم ورحمة الله وركاته جبيعين شكراكم سوين إن شاء الله طيبين شلا بسادي السلام ورحيكم جبييعين الحمد لله خلاصنا من فلو جمس بس ما بنرفع الحين ننتظر لما يصبح في ساديو لما الحين زكم لما صحيح من نوم لجيت الدنيا ثلجت في احتمال ينزل في الليل بعد ان شاءالله وبكرة صباح دنيا راجعت بيضة كل هذا اشاب ننجل الله جار نحط نوار تحت يشجع اتفاق حارا يكاتو الله روح لكتب على السيارة ورص حبيثنيان ثنيان لدخل طي يا جماعة حالي ما شلحن سوي احن كلم انشاء الله شركة تنظيف يجون على البيت الجديد طي ونقول اسم اللهم ربي آينا افتح جوجل ونجول كليننك سيربس حلو كتبنا في البحث خدمة تنتظيف شو فينا طلعنا شركات احسن شي بجوجل تطلعلك التقيم يعني اشخاص كلمة انت يجربتهم مع الشركة هذه او مع اي شي حلول اما ارحين كلهم يقولون ممتاز ايلا هذا شخص بداه بكلمة اوفل ايقل تنضيفهم سيه لدرجة انا اضطفت بعدهم لا شكرا مجال شو بشركة اللي بعدهم طي بادي الشركات جلول ممتاز,على مدار اليومين الماضيين واصلت بعض الشركات خدماتها التجارية في جميع أنحاء العالم تعليقات عبر مواقع التواصل الاجتماعي.
8VixCIAZ2P0.wav,تخيل أداش هالشي حلو الألوان الموسيقى ومساعدة ومشاركة ومكتب ومجموعة ومقابل ومدينة ومزيد ومتخيل ومثل ومطبخ الموسيقى والتشويق ملايين الملايكة كانوا يحكموا مع بعض وعم بيقولوا الملك راجع لعنا لكن رح يكون مختلف فاللي خلق الإنسان على صورة الله راح يحمل صورت الانسان لأبادي الابدين وصار سكود بالمدين السموية وفجأة من سمع صوت جوء طبقا,تخيل أداش هالشي حلا الألوان الموسيقى والتشويق ملايين الملايكة على صورة الله
8ZBOgj12JJ8.wav,جار العديد عندي سؤال من مهنزي في كل حال وماساعد ومساند في كلحن واحتضاء جار الحبيب الطيب مثل القنيب وأقرمه في رقمت نتعتبون لكننا نانا ناضب وما أقلتم يرجعو وحصاد ما أنا زارعو أنا إنبدأ تب مزمت منه العناقس يسرعه جار العزيز عندي سؤال من مؤنسي في كل حال ومساعد ومثاند في كل الحال ننوا احتفاء نور بروح منطفى وله فؤان قد سفع حب وقلب مكتفى بهجار وصن مستفى من عنده جار حليم قد عاش في قلب النعيم فليهده عارفانه ود يشكورنا هل كال..,أنا ولدت منذ ثلاث سنوات وأنا أحب جار العديد من هذه العشرات.
8ZHJCYixUUw.wav,أصبحت تعليم عن بعض جزء لا تجزء من عملية التعليم بشكل عام وأتوفر ملايين دورات التعلمية عبر إنترنت يساعدنا في إيجاد أي شيء نبحث عنه وبضغطة زر لكن الأهم من توفر المصادر هو الطرق المتبعى في استثمارها فهل جميعكم يقوم بالتعلم عبر الإنترنات بيشكل صحيح؟ ولماذا معظمنا يجد صعوبة كبيرة في الاستمرار والموظبة؟ دعوني نتعرف على أهم النصاح والتقنيات اللي جعل تجربة التعالم عبر إنترنت أكثر انتاجية بداية نجب العلم أن التعلم عبر انترنيت هو شيء نقوم به بشكل يومي لكن ربما الكثيرون لا ينتبهون لهذه النقطة ويعتقدون أنه إن لميلتحق الشخص أو يلتزم بدورة أو جامعة أو غيرها فهو عمليا لا يتعلم شيء جديد لكن في الحقيقة أي شيء تقوم ب...,أصبحت تجربة التعالم عبر الإنترنت أكثر انتاجية من أي شيء نقوم به بشكل عام لكن ثمة طريقة أخرى يمكن أن تساعدنا في تحقيق النجاح.
8i-IncVOqyY.wav,هل تقرأت أن تقوم بإمكانك أن تستطيع أن تحصل على أحد أحد؟ يلا حمودة، قررت أنك تستري؟ لا، حكينا جي بشي واحد حكاً اشي واحد بس فبخلص يلا يلا حاسب عمه اشتركوا في القناة,يلا حمودة، صاحبة قناة بي بي سي، قررت أن تتحدث عن كيفية تحقيق النجاح في حياتك.
8o29ff5_G14.wav,هذا أنور معلّم من تدبوه في نفس المكتب إليقرا فيه أنور عنده توّم ديّدة من اللي بديّبني في داره جديدة وبفضل إدارتي معاتش محتاج عدّي نهار كامل من بلاس البلاسة بالشيق ذيقاثياته على خاتل خدمات الإدارية قربت له وتجمعت في فضاء مشترك واحد نلقى وفيه مجموعة من الخدمات الأكثر أولوية عن المواطن حسب إحتياجات كل منطقة كما البوسطة البلدية استيج، الصناد، لقباضة، بيرو الشغل، سنديق الضمان الاجتماعي 3، واتيصالات تونس وبعد عاونستيج إي دارتي، تمكن أنور من أن يقدم مطلب تدخيل مونجالت الضوء وكملت عدسة للمطلب مونگالت الماء في مكتب الصنادي الحاصل، اللي كان يعدي فيه نهار كامل، أنور قضاه الكل في سوعة من زمين بركة وفي دار خدمات واحدة وعلى خاتر أنور والتوانس اللي كيف ويحبوا يقدمة في خدمتهم، إيدارتي قربت لهم أو بجت تطلع على بقى الخدمات اللي يوفروا هملكم لميزان دى سعوية إي دارتي أو تخلو على غفر,منذ ثلاث سنوات كانت إدارة معاتش تعمل على إحدى المؤسسات الحكومية في العاصمة التونسية تونس.
904TwW4KinI.wav,يا أيها السبعة وطشر واحد كل سامانة طيبين بمناسبة رومضان الفين وتمانتوشر سنحن مفضل كون روماضان الف ربعمية تسوى تراتين ولكن مش فرقة المهم اننا نلاب الزعبوط واسم محمل عبد من عام وده هشتك مصطفة سبعات طوشرة اذهر هاي سلام عليكم وزيكم لنيه طبعا الحمد لله ربدا من طبقه في نسخة مش هافيني لكيتهم من الصباطوش ورحت فكتوا على حلقات اللي فاتتين بحمدلله تركون لتمو الحادي كوز جدا لكي تو قدو دي وربنا يستطر طبعة مش هين فهي بدا حلقة غير بشكل صبطوش ورح شاكوا بشاكو بصبطة صباطة وحلقة فاتب نحن معك في شر والأذي قدام معك معك جدام لو فيها سهدي التقويم هو نظام عد زمني لحساب التواليخ وطنظمها الأغراض اكتماعية ودينية واتبارية ويدارية,ما هي السبعة وطشر واحد كل سامانة طيبة بمناسبة رومضان الفين تمانتوشر
953Apmmb_lg.wav,فرق بين جلسات الصعوبات التعلم والجلسة للجلاج الوظيفي فرقة بينهم أن الجلست الصعبات تعلم بشكل عام تهتم بمحتوى العملية التدريسية يعني كيف الولد يقرأ، كيف يتهجّى، وكيف يحل العمليات الحسابية أو ينطق الحرف صح أو يركّب الحروف صح هذه بالنسبة لها صعوبة التعالم ولكن جلستي أنا كعالات وظيفية بتهتم بالجزء اللي عملية اللي بأثر عاماً ولكن جلستي أنا كعالات وضيفة بتهتمب الجزء اللي عملة اللي بيأثر على عمليات التعليم يعني ليش الولد ما بيكتب صح لأنه عضلات ورزغر التعبانة بعمل على تقويتها أو مثلا ليش للولد مابين سخ صح أو ليش ما بيتكتاب صح نتيجة لأنو العمليت اللي بتصير جوة لدمار كان فيها خلال كمتخلات حسية ومخرجات حاسية يعني بكون فيه عندي برنامج تكامل حسي كامل كطريقة علاجية أو مثلا ليش الولد مش قاعد صح نتيجة لوجود المهارات الحركية الكبرة عن الضعيفة أو توازن وضعيف فبعمل علازية,فرق بين جلسات الصعوبات التعلم والجلسة للجلاج الوظيفي
97-cvgjOCM0.wav,جيتم أهلاً ووتاً تمسحلاً أنا أحمد الآيش في كوريا جنوبية هلياً هناك في الكوريا الجنوبي الشخص مجنون واحد بسرى ريسة واحد على كلها ويصير هذا المجنونا على السياسة اكتصادية واخدى اقتصاد كوريجة جنبية يترجع بسبب هذه السياسة ففي هذا الفيديو سأخكي هذه السية و لذلك من الممكن أن هذا الفيديو سيكون مميلا، ف ينظري أن تضغط على أزير الوجع الآن إذا لم تويبوا هذا الموضوع، لا يبتغي تضعير وقتكم. أولاً اسم هذه السياسة النوم الإقتصادة بناء على الأرباح,في هذا الفيديو يظهر شخصاً مجنوناً بسرى ريسة واحدة على كلها.
9N3tMuZ2PiI.wav,السلام عليكم ورحمة الله وبركاته أبوز كبير كل سنة ومتطيري أهلا منكم شو فيديو جديد معكم جاس الأحمد من كناب سمعت سامر إحنا نكلم أن هذا موضوع مهمة جدا أهو الموعدوع ده أم عطر عوزنا عامل مع السجانة السجادي أبورة بسمو ريزة بل لما تعملش في الجانب عشان انت لشس غيره لما طبق بالعمل لك في جانب لكن هام عطلله بيخليني هاعمل معه في جال مغل مولة أبوية وأبويا نسى ما حتد وقت ومعليفش ولا شاب الفجال بكحكي أبل حمان توحب عام عدلله بيقع عنده وبيلعبه بجيه هوا I'm out of it بجاوز,عرض عليكم أكثر القضايا التي تداولها مستخدمو مواقع التواصل الاجتماعي في العالم العربي.
9jPkY1gO0M8.wav,جاوم جوديك والله الوجم فجنوم السلام عليكم ورحمة الله وبركاته جميعا اشعاركم سوى ان شاء الله طيبين اليوم الثاني في تركيا تركية ترجه هاتف وطرح تركيه اليوم الثاني مليزيا وهذا يوم مهمة البحث يا جماعة ما وريتكم امس المنظر من هنا تيوه كيف مش الله تبارك الله حديقة هنا تحت مباني والغيوم نبدأ اليوم نقول بسم الله ونزل تحت ونكمل بحث طيجوا معا لان اشخاص اللي ما شاهدوا فلو جمس طلعنا اندور عالتشارتات بيضة راح ان اغلب الماكن وارحصل فلما نزلها فلوق لخير لكلنا صحنا على هذا المكان مجمع اسمه time square صلنا عادة مجمة بإذن الله رح نحصل هنا كبير جدا مشالله هنا باحد يقول لك لا تصور ولا شي صور عا رح اتنا مشالله من كبرو مجامع شوينا مصطين اهلا غربية ونصة الاشتركية من نص الشركي جمعا من اطالع الدرج كهربائيل لازم احتون حتى اين اتون يا مرحبا اهلو والله اهله بوي ما شاء انتك مليسين والله انتو الشعب اشتركوا في القناة,عبرت قناة الجزيرة التركية عن تقديمها لمواطني تركيا على موقعها فيسبوك للتواصل الاجتماعي.
9jq5-JFulGo.wav,وحدة قياس الكميات الفزيائية تنقسم إلى كميات رئيسة وكنمياة مركبة أما وحدة قياس الكميات الكاربائية في في غالبيتها تحمل أسماء فيزيائيين كبار مثل قولم بولت وسواهما وهي وحدات مركبة وليست أساسية أو سهلة الكميات الرئيسة الوحدة عموما سبع كميات رئيستة وهي الطول والزمن وضرجة الحرارة وكمية المادة وشدة الطيار الكهربائي وشدت الإضاءة والكتلة ومن الممكن التعبير عنها بالأحرف الكبيرة ذات الأقواس المربعة الأتيى وهي ما تسمى بالمعقوفتين إن هذه الرموز داخل الأقواس المربعة مع أسسها,أصبحت وحدة قياس الكميات الفزيائية في الولايات المتحدة واحدة من أكثر وحدات فيزيائية في العالم لكنها ليست أساسية أو سهلة.
9kDuHa6E7aE.wav,أهلا بك على بيت.com أكبر موقع للتوظيف الشرق الأوسط سوف نظهر في شريط الفيديو المصور هذا كيف يمكنك البحث عن وضائف وتقدم إليها بعد دخولك إلى حسابك على بيت.com اضغط على إجاد الوضائف وستضع لأحا من سدلة تتضمن خيارات هدى للبحث عن الوظائف ويضم بيت .com أكثر من 7 ألاف الظيفة جديدة تعلن يوميا على الموقع وتجدد بانتظام ويقدم للموقع خيرات متنوعة للبحث عن وضائع بإمكانك استخدام أم البحث السرية وأم البحت المتقدم يحتوي البحة السريع على مربع الكلمات المحددة حيث يمكنك كتابة المسمى الوظيفة أو المهارات أو اسم الشركة أو أي عبارة أخرى ويمكنك أيضا تحديد منكان العمل في اللائحة المنصدية,أهلا بك على بيت.com أكبر موقع للتوظيف الشرق الأوسط .
9tZXtfpBfx8.wav,أهلاً بكم اليوم سنتعلم مع بعض التزايد والتناقص بالإنجليزي اسمه الإنكريزيس والدكرييزيز التزاييد في الغورز يمكن أن يكون في غورز العمود بالفة يبقى تزايد في العمود بلافة ويبعى اسمه بلنجليزي اكريزي دابل كروشي ستج ولو التنقص في العمل بلفة يبقي اسمها Decreasing Double Crochet Stitch ورمزه في البترون موجود على الشاشة ممكن كمان يكون تزاييد والتنقس في غورزة الحش فيبقا Increasing أو Decrease في سنجل دابر كرو شي Increasing or decreasing single double crochet الموقف البترون موجود على الشاشة,كيف يمكن أن يكون التنقص بالإنجليزي اسمه الإنكريزيس والدكرييزيز؟
9taFCxE-nEI.wav,السلام عليكم متابعين الكرام صعض عمر رضي الله عنه يوما المنبر وخطب في الناس فطلب منهم أن لا يغال في مهور النساء لأن رسول الله صلى الله عليه وسلم وصحابه لم يزيد في مهور النساء عن أربع مائة درهم لذلك أمرهم أن لا يزييد في صداق المرأة على أربعمائة تدرهم فلما نزل أمير المؤمنين من على المنبر قالت لهم رأة من قريش يا أميرة المؤمين نهيت الناس أن يُزيد النسائة في صدقاته إن على أربع ماء تدِرهم قول نعم فقالت أما سمعت قول الله تعالى وآتيتم إحداهن قنطار والقنطر المال الكثير فقول عمر رضي الله,صعض عمر رضي الله عنه يوما المنبر وخطب في الناس فطلب منهم أن لا يزييد في صداق المرأة على أربعمائة درهم لأن رسول الله صلى الله عليه وسلم وصحابه لم يزيد في مهور
A5DxcBL0LIg.wav,ميو دي و نيو فلاك وه! السلام عليكم لابس فوق السلام و عليكم و رحمة الله و بركاته جميعا أشياء خبركم مصوهين إن شاء الله طيبين هذا اليوم الثاني في قطر قبل من الروح المطار قبل ما نسوي أي شيء نبغي نستغلك الفانية من الراحة أكثر لما أكل لن نقدر عليها طب ده اليوم صبح خير لبسنا فوق وبتجهزنا أول فلوب بفلوب إشحى حلكات هذي وننزل تحت طييف البداية نمو ناكل ننبغه متعم هنا في القطر إذا رجعنا مرة ثانية لازم لازمر الروعة ما في اللي نسى لشيخ جوجل مطاعم شعبية طيب مطعم شاعبية فيه قطر مقلط هريس الوالدة حلو حسنا مطعم جوف كم يبعد من هنا حيلو طلع قريب كتبت بخرائد جوجال مقالط هریس الواالدة طلاعي بعد 9 دقائق حيوحيو نتوجه هناك نفطر وصلت سيارة ونقول اسم الله ونتوجه عالمكال كيلو معك خلاصه شوارك شوورك دوحه جميلة باسعه ونظيفه وكل شيء بنيه ولا صراحة ما مجيشه وانوصر مطام مقلة هريز الوالم اللي قلت شعبيه هالله بوي,هذه سلسلة من الأخبار التي ترددت عبر مواقع التواصل الاجتماعي على مدار اليوم الثاني في قطر.
ABr2-Sco3Lg.wav,أزملاء الأعزاء أطباء القلب والراغميد في التخصص في القلب الحقيقة فكرة المدرسة سامع على ملطب القلب دي قتلي إزاي أنا طول عمري عدوا هي إتدريس ومن هواياتي الممتعة جدا جدا إتجريس فأنا طلعتم عيش وفي أمري الأيام هموت فالمحضر دي هتروح فين من هنا جات الفكرة بأن الثروة العلمية اللي موجودة دي لازم تبقى متوفرة للأجيال علشان تستفيد منها أنا عدت الاربعين سنة دكتورة ألب فخلاصت إلى اربعينسنة كطبيب ألب بدرس وبشرح وبامتحن وبنقش رسائل مجيزتير ودكتراء و بمتاحه في زمانات و ببتحه في درسة عالية ادتني فرصة اننا اشوف هو الشاب,أكثر من ثلاثة آلاف طفل على يد أطباء القلب في مصر قتلوا في مستشفى في العاصمة المصرية نيروبي منذ عقدين ونصف.
AOr-3H7V9yc.wav,يومي يعني بأخذ خمسين كيلو أنا سيد نفسي على الطريق ساعة خمثة يعني مكسيمو خمسم وخمسة تبقى يكون طارقا من البيت تصل ساعات ستة ومستقريبا حبيت اللغت بالدراجة من كل طفل تقريبا بلشت منتخب الدراجات بسنتة الأربع وسبعين صرت جد وقب وكذا ونساعتني متولع بهلعبي ومع عبتركة يعني أخي طرقات مكسرة وإن عنك زبائي ومكزة ومأكلوا الضربة في الماضي كان يوند ربني تشربتنا بالأراضي وتكسفرتنا بالتهلحة,منذ ثلاث سنوات أنا سيد نفسي على الطريق ساعة خمسة وخمسين كيلو
ARDuFmGDVKo.wav,الشخص الطامح لإكمال درسته في الخارج تعترضه حقيقة وجود العديد من الخيارات المتاحة والنظرا لأن اسبانيا والمانيا يعتبران من أفضل وجهات الدراسي في العالم قررنا أجراء مقارنة بينهما لمعرفة الوجهة الأفضلة عملية اختيار الدولي الأنسب للدراسة في الخرج تتأثر بالعديد العوامد فربما تجد دولة قوية علميا على مستوى العالم ولكن بالنسبة إختصاصكة الدراسي بالتحديد يوجد خيار أفضل منها أو ربما تعتبر تكاليف الدرسي سواء المرتفعة أو مخفضة مشكل لديك وتفضي الإجاد دولي الدراسي فيها مجاني لذلك اليوم سوف نقارم بين اسبانيا والمانيا عبر منح نقاط لكل دوله اعتمادا على التفوق الذي تحقيقه في مجارات مختلفة ونبدأ بالنقطة الأولى وهي عدد أطلاب الأجانب حسب حصائيات مبادرة بروجكت أتلس المنشورة في العام الماضي 2019 حول عدد طلاب الأجن,في اليوم العالمي للدراسة في الخارج نحاول الإجراء حول وجهة الدراسة الأفضلة بين اسبانيا والمانيا.
ARZhl9MTKnE.wav,يعمد الأشخاص الذين يريدون الوصول إلى المعلومات بدون تصريح إلى استهداف شباكات الشركات مستخدمين أدوات تساعدهم في البحث عن نقاط الضعف في هذا الدرس سنلقي نظرة على بعض الخطوات التي يمكنك اتخادها للمساعادة في حماية شبكة شركتك وأنظمتها وبرامجها وانظمتها وبرامجها لنبدأ بعناصر التحكم في الدخول إلى شابكة نشاطك التجارية تتمثل الخطوة الأولى في التأكد من أن الموظفين يمكنهم الدخل إلى الأجهزة المعنية بمهامهم فقط وحرص على أن تتضمن هذه الأجhزة الخدمات أو التطبيقات التي يحتاجها الموضف لا أكثر على سبيل المثال قد تقارر أحد الأنشدة التجرية ضرورة منح موظف المبيعات حق الدخول إلى السجلات المخزون وليس بيانات الرواتب وبما أن الدخل,يعمد الأشخاص الذين يريدون وصول المعلومات بدون تصريح إلى استهداف شباكات الشركات مستخدمين أدوات تساعدهم في البحث عن نقاط الضعف
ATbZv04tUNU.wav,القيادة تشير القياذة إلى إصدار الأوامر والتعلمات لموظفي المؤسسة وذلك لتحفيزهم على العمل بطريقة تلايم متطلبات وأهداف المؤوسسة لا يستطيع المدراء العمل بالشكل فرذي فهم لا يصدرون الأومر فقط بل إنهم يتعاونون مع رؤسائهم وزملاعهم وموظفهم بغية تحقيق أهدافي المئة إن الأخذ بزمام المبادرة لإنجاز أنشطة الإدارة والمحافظة على استمراريتها وتحفيز الموظفين والتأثير فيهم والتواصل معهم بشكل مستمر له أثر بالغ على المناخ السائد في المؤسسة,أصبحت المؤسسة العامة التي تعمل في مجال التجارة والصناعة في الولايات المتحدة إحدى أكبر مؤسسات التكنولوجيا الاقتصادية في العالم.
A_HSP11fdkI.wav,هذه قبور العراقيين الذين نجأوا العقود من الحرب لكنهم خسروا المعركة ضد ظيروس كورونا في زاوية النائية من الصحراء تنتشر مقبرة جديدة عبر الرمال لا متناهيع هناك أكثر من ثلاثة آلاف قبر جديد هناك أكثر من ثلاثة ألاف قبر جديد اشتركوا في القناة,هناك أكثر من ثلاثة آلاف قبر عراقي نجأوا عقود من الحرب لكنهم خسروا المعركة ضد ظيروس كورونا في زاوية النائية من الصحراء.
BPLu-RLg6DE.wav,وَالَوَا إِنَّا وَأَيْهُ وَا أَفْرِبْ وَعِيْ يَعْنِي الحمد لله إحنا بداية مشوانكت في أغوصتص 2014 يعني منذ 4 سنوات تقريبا يعني عمل مستمر لان قطع يومين فضل الآزة وغلصة كان في البحث العلمي أو في توصيل المعلومة للناس وتقدم حلوله على المية وعملية الأول مرة لحلتلك المشكلة التي تؤرق عايز أقول غالب وغالبيتس وكان العالم العربي لأن ما كان شحد قبلنا يتكلم في هذا الموضوع مطلقا وكان الموال الذي يتكلم نذر يسير ممكن مش بتعامق قوي وممكن يكون حاجة صطحية أو حتى قصور أو نعدام حتى المشكلة نفسه وداماً أكبر الدوافعة لدفعاتنا إن نحن نتكلف المواضدة بقوة وننشر الأبحاث العلمية المترجمة وتجارب الغرب وأصبح لنا ذواتي ما شاء الله تجرب عربية قوية جداً ومحتوى خاص بنا فكنت سعيد قوي إنه في شباب واعدت بيبتدي شوف المشاكل اللي موجودة والهو أول واحد يعني منها,"هذه هي أغوصتص التي كتبها فريق الخبراء في مجال الأبحاث العلمية الذي يبحث فيها العلماء حول مشكلة المية المعروفة اختصاراً باسم ""المية"" والتي تؤ"
BV6x61gKeo8.wav,موارد من المواردة بعد ما خلق الله أول جسد بشري من التراب نفخ به نسمة حيات زرع عراب الإله جنة في عدن شرق في مكان ما في الشرق الأوسط شار هناك نهر عدب يجري بالجنة وأمبت رب الإله من الأرض من كل شجرة حلوة للنظر وشهية للأكل وشجرة الحياة في وصط وشتجرة معرفة الخير والشر وأخذ رب الإله آدم وضعه في جنة عدم ليعملها ويحفظها ما سأد رب الاله آدم أنه كان يريد أن يسكن في عدم والله هو خالق الإنسان ومالكة وهو يعرف ما هو خير الإلسان و كانت جنة آدم تصحر,رب الإله آدم خلق أول جسد بشري من التراب نفخ به نسمة حياته في عدن شرق
BXw5tBuUiuk.wav,إحنا حالياً في مدينة لشباح عدد سبكان هاي المديني صفر يوهل المضينة هاي هل أنت بحاجة إلى هنا؟ نعم لذلك يجب أن أحصل هنا حسنا أنا هنا أنت هنا في 2011؟ نعم حتى الآن لن أستطيع أن أعود لأسكولك لأنهم يتكلمون فقط المئة ليس هنا في كل شيء ما شمال طوبيو هذه المنطقة بال 2011 صار فيها أقوز الزارب تاريخ اليابان,في مدينة لشباح شمال اليابان، تعرف على عدد سبكان هاي المديني صفر يوهل المضينة هاي.
BeIdNfD8fCU.wav,أضافة عبود أعني كلمة آضافه لأيلي جداً كبير وجداً متعدد وجداً إلو جوانب مختلفة ناس بتقول لي أنت آضفتها عبد كنت داعم جيد لأيلو أنا بنص بوجهة نظري العكس تماماً هو الأضاف لكتير هو الأثثر في حياتي هو اللي غير حياتي للأفضل أعطى لحياتي وأضاف له حياةي معنا مختلف أطفل حياتي ومعنى المختلف حياتي للأفضل أعطى لحياةي وأضاف لحياته معنا مختلف يعطاني دافع وروح أني أعمل وأني أكون طرف إيجابي في المجتمع اللي أنا عايش فيه وما أردى أني أنا أكون مجرد عبر سبيل فأنا بشكر عبود أنه هو اللي غيري من حياتي للأافضل وأغيري لي من شخصيتي وغير لي من رؤيتي للمجتمعة وإن شاء الله أكون داعم جيد لأيضا مرحباً أعطيك أن أردتك أن تحصل على أجهزة الأسلحة وإنهاية أجنبك لأنك ستكون أمامك وأنك تستطيع أن تكون أكبر لأنه يمكنك أن يكون أجل وأنها يمكن أن تقوم بإمكانك أن تصدقائك لأنها ستقوم بتحديك وأنه ستحصل لأننا نحن نتحدي وأننا سنحصل لأنكم يمكنكم أن نحصل,"أعلن عبود عبد العزيز الذي يبلغ من العمر 19 عاماً أنه أضاف كلمة جديدة له على هاتفه الخاص لـ ""أيلي"" وذلك في مقابلة مع بي بي سي عربي."
BqpPxzdG1hE.wav,سلام عليكم ورحمة الله وبركاته، أول على مات الساعة الصورة، بعثة النبي صلى الله عليه وسلم، كما أراض الله تعالى لنبيه صلى صلى الله عليه وسلم، أي يكون خاتم الأنبياء ونهاية المرسلين، جعل بعثته وإكماله للدين ومحوه للشرك، إذانا بقربقيم الساعة وختمه للرسالات السماوية. عن سالبن سعد رضي الله عنه. رأيت رسول الله صلى الله عليه وسلم. قال بأصدعه هكذا الوسطة والتي تل الإبهام. وقال بعدت أنا والساعة كهاتين. وعن أبي هوريرت ردي الله عنهم. أن النبي صل الله عليه و سلم قائد. بعدته أنا وساعات كهتين.,هذه سلسلة من القضايا التي نستعرضها على موقع تويتر:
CCzxr_mUcPk.wav,سلام عليك أخي معك الكوت شفيريس من أكاديمية رجل الشماعي بقناتنا نشرح كل المواضيع التي تتعلق بكيف يجأ التعرف على فتاة وجعلها تحبك الموضوع الصابق كان كيف تحديد هدف وتحصل عليه سواءاً كان له علاقة بالتعرف على فاتات أو في الحياة اليوم سوف نتكلم عن كيف التعرف بمرأة أو فاتاة أكبر من كسندن هل أنت مؤجب بفاتات او امرأa أكبرا من كسمنن ولا تعرف كيفة تجعلوها تتعلق بك؟ هل تخاف أن ترفدك امرأa أو فتاة بسبب فارق السن؟ تريد مساعدة وتقنية,كيف يجأ التعرف على فتاة؟
CIQ7jPqc-DM.wav,مرحبا بكم ايوها الأمراطرية والأمراطريون. حلقة اليوم كتير مميز لانحخبركم قصة حيات العصفورة الازرق هو واحد من اشهر التطبيقات بالعالم التويتر. حدروا حلقا بيخ. جانك دورس وإيوانو ويليامس وبستون تلت أسماء مهمة غير وطريقة العالم بالتواصل ومن فكرة بس تير بسيطة إبن زماناته عامل شركي من أهم الخدمات اللي أطلقوا كانت بلوغر أكيد بتعرفوا وهي اللي اشتريتها جوجل أما باستون كانت بديته بالتصميم بشركة لنشر الكتب بعد ما تركه عمي الموقع أريب للبلوگر كان اسمه زانجا.com بعد أبن وباستوش تغلب بجوجل,نعرض عليكم أكثر القضايا التي تداولها مستخدمو مواقع التواصل الاجتماعي في العالم العربي.
COv2nwXfQks.wav,امثلة على قانون يوتن الثالث. الف. اذا تأمن القوة التي يؤثر بها جسم موجود على صطح الارض على الالض نفسها نجد ان قوة تأثير الجسم دعبلي بالتجاه مركز الارب تقابلها الارد بقوة رد فعلا ان تتجه من مركز الأرض نحو الجسم. باقوى الجذب المتابى دلا بين الأجرى من السماوية فالشمس تجذب الأرض نحوها بقوة الفعل اف والأرض تج ذب الشمس نحواها ب قوة رد الفعل ان جيم النواة تجثب الالكترون ناحوها ايضا بقواة فعل ايف والالكתرون يجذيب النواه تنحوه بقوت رد فعل ان,كيف يؤثر جسم موجود على صطح الارض في الاض نفسها؟
CUntBqZ23yU.wav,السلام عليكم بينما كان صلى الله عليه وسلم يطفو ذاتيوم عند الكعباء مر على فرعون هذه الأمة أبي جهلا فبدأ أبو جهل يسب النبي سبًا شنيعًا فسكت صلى الله عليه وسلم ولم يرد فزدد ابو جهل حتى سمعت بكلامه احدى نساء كريش فذابت لحمزة من عبد المطلب وكان على الشرك وقتها كان مشهورا بالفروسية وكان يدعى صياد الأسود فقالت له والله لو رايت ما فعل ابو الحكم ببن اخي فقل حمزة ما ذافعل فاخبرت المرات بالامر فقول حمزا وما رد عليه احد? قالت لها فذابي للكابة غاضبا ثم وصل الى حلقة بني مخزوم وكان على رأسها عمر مني شاما.,على رأسها عمر مني شاما
CXFKZ6Kkf9M.wav,أهلاً ومرحباً بكم عند سباغكا في هذا الفيديو سنرلك كيفية تغيير مقاوي باب الفرن قبل البد لا تنسفص لفرن عن التيار الكهربائي من المهم تغير القطعة بتراز المشابه أو مماثل موصن به من قبال الشركة المصنعة للشروع في تغيير مقاوم من فرن تحتاج إلى مفكب راغي ومفتاح أنابي تفكي كل جهاز بمساعدة مفكر براؤي برأس لجمة أو مفتح أنابي قم بفكل لوحة المعدنية الموجودة خلف الفرن تغييرو كتائل ريار,كيفية تغيير المقاوي من باب الفرن قبل البد
Ch-NnzgsPBg.wav,التدخل الأمريكي في أفغانستان تاريخ طويل مليء بوعود السلام صفحة البداية كانت إعلان الرئيس الأمركي جورج بوش الأب غزوأفغنستان بعد رفض حركة طالبان تسليم أسام باللاد المتهم بتدبير هجمات سبتمبر أيلول ألفين وواحد الاستراتيجية الأمريكية تضمنت شن غارات جوية ونشر جنود على الأرض ونجحت القوات الدولية بقيادة الولايات المتحدة في الإطاحة بحكم طالبان لكن الحركة المسلحة عادت للتجمع في جنوب وشرق البلاد فأرسل بوشت عزيزات عسكريال يتجاوز عدد القوات في أفغانستان 30 ألف جندي العداد لم يتوقف عهد أباما عادد الجنود تجاهز خمسين ألفا في الأشهر الأولى من ولايته وستمر في الزيادة بهدف وقف تمدد تعاليبان وتعزيذ المؤسسات الأفغanية مقتل أسام باللاد كان لحظة مهمة في تاريخ,تدخل الولايات المتحدة في أفغانستان تاريخ طويل مليء بوعود السلام
CluF1lfgbtw.wav,بالنسبة إلى اختلاف الحياة الاجتماعية بعد مصار عنا ولاد وحتياجات خاصة أكيد اختلفت الحياه و اختلفت منظورنا الحياية كنا ناست نتطلع في اشياء و نهتم بأشeاء اخترفت حياتنا 360 درجة صرنا نروح الدكاترة أكتر صارنا روح المستشفيات أكثر على الأخصائيين أكتى صورنا نضطر نقرأ و موضينا مكنة نقرا قبل كنة نهتن بيأشيأ مكنه يهتم فيها قبل هدى الاشياء عززة و زيادة هذا الأشي عزز صدقاتنا إحنا الأمهادة وحتاجات الخاصة حتى أصدقائنا لمن زمان ومتعرف عليهم أنا بحس إن من مضمون الحكي برجع بحكي عن أولادي ومن ضمنهم يوصف اختلفت الحياة الاجتماعية علينا اختلفت الموضية اللي نحكى فيها اختفت اهتماماتنا بالعكس هذا الإشي بأقول خلاني أعمل أحس حالي ماجستير فيه بنتبعني أنا مش دارسته بس أنا بقول الموذوع أد مقرأت أدمى شفت ناعس، أدمعت مع اختصاصيين,اختلفت الحياة الاجتماعية في جميع أنحاء العالم و على رأسها الثقافة السياسية والثقافية التي نمارسها منذ مصار عنا ولاد وحتياجات خاصة
DCSplwsOa8k.wav,113. بسم الله الرحمن الرحيم 114. الحمد لله فاطر السمارات والأرض جاع الملائكة رسولا أولي أجنحة مثنى وثلاث ورباع 115. يزيد في الخلق ما يشاء إن الله على كل شيء قدير 192. ما يفتح الله للناس من رحمة فلا ممسك لها وما يمسيك فلا برسل له من بعده وهو العزيز الحكيم 192. يا أيها الناس اذكروا نعمة الله عليكم هل من خالق غير الله يرزقكم من السماء والأرض لا إله,نعرض عليكم أكثر القضايا التي تداولها الخبراء على مدار اليوم الماضي.
DIcj67FZjho.wav,مرحبا بكم متابعي دولة يوب سنأخذكم اليوم في رحلة لتتعرف على دولت جديدة من دول العالم كاندا أكبر بلد في الأمريكتين من حيث المساحة وتحتل المرتبى الثانية عشر عالميا منحيث استخدام الانترنت العاصمة الكندية أوطاوى عاصمة كندا تقع في مقاطعة انتاريو وتبلغ مساحة هما يقارب 2778.7 كيلومتر مربعا وهي رابعة أكبر مدينة كندية ويبلغ عدد سكانها ما يقرب 883.000 سما تتمتع المدين بشبكة مواصلة مختلفة وأكثر من نصف سكانها متعلمين حيث انها تشكل أكبرة حملت الشهدات العليا والعلماء والمهندسين في كندا,نعرض عليكم أكثر القضايا التي تداولها رواد مواقع التواصل الاجتماعي في العالم العربي على مدار اليوم الماضي.
DM26tjW_Y9A.wav,أسلام عليكم ورحمة الله وبركاته اسمي أساما ديب مطور معتمد من شركة يونتي سأكون معكم في جولة سريعة نتعرف عليها على محرك الألعابي يونتي وأهمي ميزاتي التي تجعله من أفضل محريكات الألابي حالي حيث سنتعرف على أدوات التصميم التي يوتيحها وعلى المنصات التي يدعمها لتوجهها العابكة لها وستعرف أيضاً على كيفية أنه يقدم أدوات للواقع الإفتراضي وللوقع المعزز ويقدم أيضًا العديدة من المصادر التي تحتاجها في عملية التطوير من خلال مدجر يحتوي على تقسيمات مثل أمجسمات وصور وحتى أنه يعفر مشاريع كاملة وسنتعرف أيضا على كفية انه يجعلك وفارقك تعملون على نفس المشروع في نفس الوقت من مغيري ضيادة,أسلام عليكم ورحمة الله وبركاته اسمي أساما ديب مطور معتمد من شركة يونتي
DQ17QiZJbWw.wav,بسم الله الرحمن الرحيم أنا الدكتور ماجدي بضران أنا كبير أخسائن البطنة وكلاف وزارة صحة وبرده كيل أدارت الكلاف والزارت الصحة أدرت الكلاة المسغولة عن كل ما يخصص بمرد الكلا والفشل الكلاوي المتابعاتهم على مستوى جمهورية حضرك على خريق أسرعين سنة 1996 اشتغلت بأكبر مستشفات مصف ببدافة طالعة المستشفيات التأمن السحي زي ستكتوبر تأمن سحي ومستاشفة صدنوية ومستشفة إليل لتأمن الصحي وتشرفت إن أنا اشتهد كمودي ويحدة كيلة في مست شفة مصر العام على مادة السنة خبرة بحب أهديها الكلي متدعيني حبراكم مشاهدين ومرضاوة حتى الأشخاص العديين اللي خايف عليهم يجلهم مشاكل في الكيلة أو أمرات كيلة تابعوني,أنا الدكتور ماجدي بضران وهو كبير أخسائن البطنة وكلاف وزارة الصحة على مستوى جمهورية مصر.
DSlWT0kY9Co.wav,تبقى معنا نسية الدنيا على أن ترسيكلي والترقص باست كذلك أنا بقام بشي مبسوط بقى ما بيعنش الرزق بالله أهم حاجة أن يكون هي... تبقي مبصوطة أول ما شفتها كنت مبسوط وحسيت أن الدنيا تبقى جميلة تؤوم الصبح، تبس إيديا وتقول لله سهلك ليه؟ أنا عيش معها طول عمري بطبطة بعليها ولو عملت حاجة ولا لا لا بأزعلن منك كده بانها خلاصاً خاصن بعض أنا مش يكلم معاكي تاني ولا عمر قلت لها أنا مش أجيب لك حاجه ما غزاج بكده أبدا أقول لاني أنا زعلني,أنا عيش معها طول عمري بطبطة بعليها على أن ترسيكلي والترقص باست
DUa_ey1YWds.wav,بسم الله الرحمن الرحيم الحان الله عن ما يشلكون,أكثر من ثلاثين شخصا على الأقل قتلوا في مصر.
DZQCseRRkNw.wav,السلام عليكم أنا يسمي محمد سعيد بس في أغلب الأماكن ستعطيه اسمي ألفة أرسلان روشانا حد يغفل حلاء واريين أنا الطالب عن باسة الالكترونيات وطصرات متخصص في مجال النظم المحتوى أن بدت سستم وحالياً بتعلم زي داخل الزكال استنوعي في الأنظمة الإلكتراونية والنواتيك بتكون مذيلة جداً على سبيل المثال روبوت بتعرف على صحبه ويمش وارواه أمراة طائرة بتتعرف على الواجه والتبعه صيارة بترأيب وتتعرف على حركة المرور وتسوه نفسها القصة بدأت من زمان من سنة 2014 بداية مع لغة C++ وانظمت لينيكس كنت عايزة بأهاكر لكل فاله رد فال وانا قررت كنا أسوأ رد في العالم شباب بقى معا ما كلنا كنا شباف تعلمت C وبيثون وتخنيات كتير جدا اتعلمت اردوين وبعده مدحكمات ايفيار بداية شغلي كانت,هذه هي قصة الطالب محمد سعيد الذي يبلغ من العمر 19 عاماً وهو طالب في مجال الالكترونيات وطصرات متخصصة في المجال المحتوى.
DZtCXsy2cmA.wav,يوم ميديت كوفي لو جديد مليمارات وووه السلام عليكم السلام على ايكو اراه طلع بركاته جميعا شكراكم سبين ان شاء الله طيبين هدية ريال هدي تكسي برا جمعا ودينا شرط على مطار تكت كل شي تمام تفف الهيط تففي كل شي مباجد نت جمعة لما الحي مارتب نشي تفير نت وهربع التكسی شكران لك حمام الوردي جمعت كم تكنوه المطبخ تسكر باب تكذب ابقفل السرام عليكم منظر الجمر والنجوم يا جماعة والله من هنا جد من خطير وهذا بتكسي شكرا عن تضار الديب هذا هو مطار بكتوريا باكتوريا ودعية يجب أن يكون هناك أكثر من 50 باوم لدينا موزن زايد أخبرنا من 50 يا ربا أغلق من 50,عرض عليكم أكثر القضايا التي تداولها مستخدمو مواقع التواصل الاجتماعي على مدار اليوم الماضي.
E4mglK-eH2g.wav,دولة الأميقى ياتى ديبس تاين دي العيزابة دي بستاين دول العمي بيبش تاي ما هو دايب ستاين وزافون نوسيا نتبرفون ودولة العمية دول الأعميك عبر منك ربما سمعتم هذا المصطلح الذي انتشر بكثافة في السنوات الأخيرة تزامنم مع الثورات والاحتجاجات التي اشتاح الدول المنطقة سنخبركم ما الذي يعني الدولة الآميقة هو أحد المفاهيم التي ما زالت غامضة ولا يوجد إجماع على تعريف شامل ومحدد له ويخلط بينه وبين مفاهيم في الأدبيات السياسية مثل حكومة الضل والدولة الموازية ودولت داخل الدولة الدولت العامقة تعبير يطلق على مجموعة من القوى الغامضة التي يبدو أنها تعمل غالباً بعيداً عمضلة القانون وتكون غير مرئية وصرية في غاليب الأحيان وتوازي الحكمة العلانية الشرعية تشمل الأشخاص في المؤسسات الأمنية والعسكرية الحاليين منهم والقدمة والحمد تدادات,ما الذي يعني الدولة الآميقة؟
ECGJzvEi2OU.wav,سلام عليكم أهلا بكم يا أصحاب بمور الواحد فينا بلاحظات بيشعر فيها بالياء السواب الأحباط وبتملكنا شعور فقدان الأمل في حياتنا هل أمر جدا طبيعي وجدا صحيحي ولكن إذا زاد الأمر عن حده فلازم أندقنا قوص الخطار ونبدأ بإجراءاتنا لإعادة أعمار الأمل في قلوبنا كيف وجدت الأمل بحياته؟ رح نتناقش فيها الموضوع من خلال 6 نقاط رئيسية الإتصال الوثيق بالله ومن أرض عن ذكري فإن له معيشة تنظركة الصلاة في وقتها والاستغفار والإلحاح بالدعاء قيام الليل كلها عبادات بتقوي ثقة العب ربه وبتحقيق القلب من الداخل رح تشوف آثار هل اتصال على حياته؟,كيف وجدت الأمل بحياته؟
EDPFLZFtPzA.wav,السلام عليكم ورحمة الله وبركاته أخلاً وساخلاً مرحباً أيها الأسدقائي أنا أحمد من كوريا جنوبية اسمه هذا الفيديو الكوريا شمالية الساحب العزيزة في الشرك الأقصى بسراة كنت أريد أن أستخدم كلمة صادق بدلاً من الصاحب لكن أدون أنكم تفتلون كلمات صاحب على الصادق فكتبت صحب على كل يال من الممكن أن تدنو أننا نأهيب كوريا شمالية بسبب اسم هذا الفيديو كله بل أكرة كورية شملية وأتسخد عليها للغاية طيب بعد الآن سأكم بما أريد أن أقلوه ألاكم تقرأ كوريا جنوبية أباين أسين واليابن وهناك الروسيا فاوك شيف الجزيرة كورية,أحمد من كوريا جنوبية اسمه هذا الفيديو الكوريا شمالية الساحب العزيزة في الشرك الأقصى بسراة
